instance_id,repo,category,rhizome_category,n_gold,n_candidates,query_tokens,verified,mismatches,bundle_files,graph_edges,v01_entries,v02_top_score,v02_threshold,v02_entries_cat,v02_entries_bug,v02_band_cat,v02_band_bug,v02_band_all_hits,ppr_candidates_cat,ppr_hub_mass_cat,ppr_hub_mass_bug,hub_fanin_cutoff,seconds
UXARRAY__uxarray-1117,UXARRAY/uxarray,Performance Issue,bug,2,74,75,1,,113,288,4,27.965359,13.982679,4,4,10,10,11,60,0.400693,0.400693,11,2.1
ultralytics__ultralytics-17810,ultralytics/ultralytics,Bug Report,bug,1,151,400,1,,160,678,4,180.918679,90.45934,4,4,14,14,16,139,0.243364,0.243364,15,1.8
Chainlit__chainlit-1575,Chainlit/chainlit,Security Vulnerability,security,3,101,11,1,,115,338,4,13.787037,6.893519,2,3,2,3,1,93,0.374553,0.351613,19,1.4
huggingface__transformers-22496,huggingface/transformers,Feature Request,feature,4,1640,239,1,,2453,14983,4,176.012496,88.006248,4,4,35,35,51,1570,0.38875,0.402975,10,17.3
scikit-learn__scikit-learn-24145,scikit-learn/scikit-learn,Feature Request,feature,1,620,76,1,,909,6042,4,71.246779,35.62339,4,4,6,6,7,584,0.389981,0.413859,32,6.2
avantifellows__quiz-backend-84,avantifellows/quiz-backend,Performance Issue,bug,3,17,22,1,,23,11,4,10.143742,5.071871,3,3,3,3,3,0,,,2,0.4
internetarchive__openlibrary-7929,internetarchive/openlibrary,Performance Issue,bug,4,246,72,1,,369,734,4,46.217251,23.108625,4,4,21,21,21,187,0.290996,0.290996,9,4.1
rwth-i6__sisyphus-191,rwth-i6/sisyphus,Performance Issue,bug,4,43,184,1,,54,147,4,63.719837,31.859919,4,4,7,7,7,35,0.173294,0.173294,11,0.6
sympy__sympy-27223,sympy/sympy,Bug Report,bug,1,869,802,1,,1561,16640,4,313.437817,156.718908,4,4,97,97,141,813,0.448191,0.448191,39,11.3
modin-project__modin-6836,modin-project/modin,Feature Request,feature,4,325,19,1,,428,1223,4,14.765834,7.382917,4,4,51,51,66,240,0.292829,0.333286,10,3.6
Open-MSS__MSS-1967,Open-MSS/MSS,Performance Issue,bug,3,162,190,1,,227,600,4,80.926894,40.463447,4,4,24,24,25,136,0.200934,0.200934,15,2.3
vllm-project__vllm-5473,vllm-project/vllm,Feature Request,feature,5,285,1613,1,,461,1820,4,1716.442004,858.221002,1,1,1,1,1,250,0.42826,0.440981,23,3.2
tardis-sn__tardis-2782,tardis-sn/tardis,Performance Issue,bug,2,186,60,1,,280,651,4,29.37191,14.685955,4,4,18,18,25,152,0.357918,0.357918,11,2.6
sopel-irc__sopel-2285,sopel-irc/sopel,Security Vulnerability,security,1,79,337,1,,124,300,4,216.908022,108.454011,4,3,4,3,3,72,0.447215,0.426283,10,1.0
mesonbuild__meson-11366,mesonbuild/meson,Security Vulnerability,security,1,474,270,1,,481,1620,4,184.697986,92.348993,4,4,10,35,7,229,0.319656,0.424977,18,9.2
dmlc__dgl-5240,dmlc/dgl,Performance Issue,bug,1,962,196,1,,1069,2824,4,138.465548,69.232774,4,4,4,4,4,850,0.482914,0.482914,7,6.8
pypa__pip-13085,pypa/pip,Security Vulnerability,security,1,411,630,1,,626,2118,4,350.789005,175.394503,4,4,33,44,48,379,0.317678,0.323766,15,4.4
gammasim__simtools-1183,gammasim/simtools,Performance Issue,bug,3,99,144,1,,158,360,4,61.884437,30.942218,3,3,3,3,9,80,0.330759,0.330759,8,1.8
matplotlib__matplotlib-25887,matplotlib/matplotlib,Performance Issue,bug,1,764,289,1,,890,2488,4,115.54247,57.771235,4,4,81,81,108,738,0.525541,0.525541,9,10.7
vllm-project__vllm-9390,vllm-project/vllm,Feature Request,feature,1,503,173,1,,827,4162,4,136.475517,68.237758,4,4,26,26,30,453,0.323281,0.348337,22,4.9
ctc-oss__fapolicy-analyzer-809,ctc-oss/fapolicy-analyzer,Performance Issue,bug,3,108,150,1,,194,594,4,73.911957,36.955979,4,4,10,10,14,91,0.366647,0.366647,15,1.4
django__django-16421,django/django,Feature Request,feature,1,875,100,1,,2772,10667,4,88.248795,44.124398,4,4,8,8,12,637,0.419386,0.448761,11,19.3
scikit-learn__scikit-learn-25186,scikit-learn/scikit-learn,Performance Issue,bug,1,618,176,1,,905,5961,4,103.891191,51.945596,4,4,65,65,100,582,0.315358,0.315358,31,6.4
okta__okta-jwt-verifier-python-59,okta/okta-jwt-verifier-python,Security Vulnerability,security,1,9,96,1,,18,33,4,17.530111,8.765055,1,1,1,1,1,7,0.368752,0.428225,6,0.3
ray-project__ray-26818,ray-project/ray,Performance Issue,bug,3,1725,2229,1,,2462,7457,4,778.896393,389.448197,4,4,15,15,34,1220,0.488943,0.488943,12,18.4
gitpython-developers__GitPython-1636,gitpython-developers/GitPython,Security Vulnerability,security,1,39,37,1,,73,396,4,14.733884,7.366942,4,4,6,16,8,32,0.227407,0.272982,25,0.8
huggingface__optimum-benchmark-266,huggingface/optimum-benchmark,Performance Issue,bug,1,105,435,1,,107,295,4,154.243442,77.121721,4,4,13,13,14,74,0.280464,0.280464,10,0.9
vllm-project__vllm-6050,vllm-project/vllm,Feature Request,feature,2,324,139,1,,519,2175,4,84.69928,42.34964,4,4,23,23,26,284,0.300634,0.316357,17,3.3
PrefectHQ__prefect-12019,PrefectHQ/prefect,Performance Issue,bug,2,564,426,1,,864,3673,4,223.855333,111.927667,4,4,45,45,67,433,0.308283,0.308283,20,6.4
streamlit__streamlit-6617,streamlit/streamlit,Performance Issue,bug,3,359,402,1,,567,1823,4,160.91884,80.45942,4,4,51,51,74,325,0.416491,0.416491,12,6.5
JoinMarket-Org__joinmarket-clientserver-1180,JoinMarket-Org/joinmarket-clientserver,Performance Issue,bug,2,81,166,1,,135,736,4,77.356349,38.678174,4,4,20,20,21,71,0.257335,0.257335,21,1.4
TagStudioDev__TagStudio-735,TagStudioDev/TagStudio,Performance Issue,bug,2,96,612,1,,116,32,4,224.738686,112.369343,4,4,5,5,8,11,0.502981,0.502981,2,1.2
micropython__micropython-lib-947,micropython/micropython-lib,Security Vulnerability,security,1,428,290,1,,485,579,4,246.299922,123.149961,4,4,7,22,5,235,0.424008,0.500535,4,2.5
pm4-graders__3ES-72,pm4-graders/3ES,Performance Issue,bug,3,19,7,1,,20,11,4,1.832252,0.916126,4,4,4,4,5,8,0.174422,0.174422,2,1.8
fortra__impacket-1636,fortra/impacket,Security Vulnerability,security,2,210,77,1,,294,1332,4,44.410454,22.205227,4,4,34,34,21,194,0.201091,0.260599,24,2.5
AzureAD__microsoft-authentication-library-for-python-454,AzureAD/microsoft-authentication-library-for-python,Performance Issue,bug,4,28,67,1,,43,75,4,14.500611,7.250305,4,4,16,16,17,21,0.378564,0.378564,6,0.4
Chainlit__chainlit-1441,Chainlit/chainlit,Security Vulnerability,security,1,99,13,1,,112,329,4,10.692647,5.346323,4,4,6,5,4,90,0.359938,0.380127,18,1.4
scikit-learn__scikit-learn-29130,scikit-learn/scikit-learn,Feature Request,feature,1,644,77,1,,943,6775,4,63.639872,31.819936,4,4,7,7,9,605,0.292458,0.282387,35,16.9
django__django-18616,django/django,Feature Request,feature,2,876,130,1,,2793,10836,4,109.302485,54.651242,4,4,25,25,73,639,0.428501,0.458191,11,19.7
Bears-R-Us__arkouda-1969,Bears-R-Us/arkouda,Performance Issue,bug,2,93,150,1,,149,397,4,106.338724,53.169362,4,4,10,10,14,68,0.557938,0.557938,13,2.7
django__django-18435,django/django,Feature Request,feature,1,876,186,1,,2792,10784,4,149.184711,74.592355,4,4,12,12,17,639,0.390555,0.424625,11,19.3
sqlfluff__sqlfluff-6399,sqlfluff/sqlfluff,Feature Request,feature,1,251,89,1,,379,2048,4,46.796978,23.398489,4,4,8,8,10,237,0.327949,0.296225,33,7.7
aiortc__aiortc-795,aiortc/aiortc,Performance Issue,bug,1,45,243,1,,71,246,4,142.35269,71.176345,3,3,3,3,5,36,0.190642,0.190642,13,0.7
mathesar-foundation__mathesar-3117,mathesar-foundation/mathesar,Security Vulnerability,security,1,280,74,1,,405,1014,4,57.2997,28.64985,4,4,19,34,19,203,0.208181,0.262498,11,3.7
huggingface__transformers-22498,huggingface/transformers,Feature Request,feature,3,1585,126,1,,2360,14441,4,105.123403,52.561701,4,4,82,82,87,1515,0.371396,0.395436,10,15.7
JackPlowman__repo_standards_validator-137,JackPlowman/repo_standards_validator,Security Vulnerability,security,2,10,5,1,,19,18,1,2.363016,1.181508,3,3,3,3,4,6,0.0,0.0,3,0.3
huggingface__transformers-35453,huggingface/transformers,Feature Request,feature,1,2350,71,1,,3478,20323,4,33.288857,16.644428,4,4,225,225,246,2266,0.395456,0.408651,8,22.1
una-auxme__paf-565,una-auxme/paf,Performance Issue,bug,1,71,46,1,,73,23,4,27.687878,13.843939,4,4,6,6,6,12,0.463218,0.463218,1,2.5
django__django-19043,django/django,Feature Request,feature,3,879,372,1,,2817,10998,4,293.242315,146.621158,4,4,27,27,61,642,0.498486,0.520732,11,17.7
python__cpython-7926,python/cpython,Performance Issue,bug,1,884,190,1,,1876,9094,4,83.158538,41.579269,4,4,91,91,169,840,0.430207,0.430207,16,13.3
numpy__numpy-10615,numpy/numpy,Feature Request,feature,1,304,114,1,,566,1409,4,73.361974,36.680987,4,4,54,54,78,252,0.532706,0.538685,9,5.2
pandas-dev__pandas-29944,pandas-dev/pandas,Feature Request,feature,2,373,49,1,,1432,6740,4,54.806313,27.403156,4,4,14,14,25,336,0.49651,0.52009,15,8.2
scikit-learn__scikit-learn-16948,scikit-learn/scikit-learn,Feature Request,feature,4,618,431,1,,900,5608,4,198.008678,99.004339,4,4,67,67,89,566,0.300885,0.327439,28,5.9
sympy__sympy-27051,sympy/sympy,Performance Issue,bug,1,869,651,1,,1560,16623,4,533.690521,266.845261,4,4,9,9,12,813,0.401334,0.401334,39,9.6
numba__numba-9757,numba/numba,Performance Issue,bug,1,369,460,1,,782,3855,4,255.803071,127.901535,4,4,28,28,43,337,0.315364,0.315364,14,4.4
jobatabs__textec-53,jobatabs/textec,Security Vulnerability,security,1,11,14,1,,17,21,0,0.908484,0.454242,4,4,4,4,5,4,0.0,0.0,5,0.3
django__django-19009,django/django,Performance Issue,bug,1,877,610,1,,2823,10940,4,673.092229,336.546114,4,4,15,15,21,640,0.249002,0.249002,11,17.9
internetarchive__openlibrary-3196,internetarchive/openlibrary,Security Vulnerability,security,1,347,91,1,,445,569,4,38.050426,19.025213,4,4,31,51,16,205,0.180232,0.261274,7,3.3
pandas-dev__pandas-21401,pandas-dev/pandas,Feature Request,feature,2,245,254,1,,781,3495,4,227.85417,113.927085,4,4,6,6,7,217,0.501765,0.537065,17,5.6
django__django-13134,django/django,Security Vulnerability,security,1,854,140,1,,2694,9953,4,166.902842,83.451421,4,4,12,25,12,629,0.461451,0.512678,10,16.9
webcompat__webcompat.com-2731,webcompat/webcompat.com,Performance Issue,bug,2,20,343,1,,34,44,4,120.017313,60.008656,4,4,7,7,10,12,0.694785,0.694785,3,1.1
scikit-learn__scikit-learn-14012,scikit-learn/scikit-learn,Feature Request,feature,1,515,128,1,,724,3903,4,96.104583,48.052292,4,4,29,29,37,473,0.327513,0.356849,26,4.5
airbnb__knowledge-repo-558,airbnb/knowledge-repo,Security Vulnerability,security,1,93,221,1,,105,196,4,79.916658,39.958329,4,4,8,15,7,76,0.399914,0.476382,6,0.9
pulp__pulp_rpm-3224,pulp/pulp_rpm,Performance Issue,bug,2,112,113,1,,155,234,4,60.591685,30.295842,4,4,10,10,12,48,0.440928,0.440928,9,1.1
sancus-tee__sancus-compiler-36,sancus-tee/sancus-compiler,Security Vulnerability,security,2,7,7,1,,7,8,4,1.509598,0.754799,4,4,4,4,4,3,0.866076,0.866076,2,0.4
scikit-learn__scikit-learn-6116,scikit-learn/scikit-learn,Feature Request,feature,1,500,98,1,,678,3578,4,63.015324,31.507662,4,4,70,70,110,461,0.332773,0.369753,27,4.0
duncanscanga__VDRS-Solutions-73,duncanscanga/VDRS-Solutions,Security Vulnerability,security,1,6,6,1,,12,18,4,5.293456,2.646728,2,2,2,2,2,3,0.309009,0.37022,4,0.3
scipy__scipy-5647,scipy/scipy,Performance Issue,bug,1,354,148,1,,551,1251,4,78.965172,39.482586,4,4,11,11,13,283,0.475054,0.475054,8,5.5
plone__plone.restapi-859,plone/plone.restapi,Security Vulnerability,security,1,140,166,1,,222,378,4,109.215684,54.607842,4,4,6,5,8,98,0.457897,0.493136,4,1.6
openwisp__openwisp-users-286,openwisp/openwisp-users,Security Vulnerability,security,1,38,252,1,,82,74,4,119.813837,59.906919,4,4,5,6,10,8,0.298382,0.309229,3,0.5
rucio__rucio-4930,rucio/rucio,Security Vulnerability,security,1,426,140,1,,537,2165,4,155.328503,77.664252,4,4,5,6,1,300,0.420233,0.501126,18,3.0
AzureAD__microsoft-authentication-library-for-python-407,AzureAD/microsoft-authentication-library-for-python,Performance Issue,bug,1,28,379,1,,43,74,4,136.130782,68.065391,4,4,10,10,11,21,0.373549,0.373549,6,0.4
home-assistant__core-15182,home-assistant/core,Security Vulnerability,security,2,1306,289,1,,1808,7172,4,275.37694,137.68847,4,4,4,16,3,1291,0.407663,0.402248,7,7.9
jazzband__django-two-factor-auth-390,jazzband/django-two-factor-auth,Security Vulnerability,security,1,45,598,1,,68,80,4,363.877469,181.938735,4,4,6,8,6,23,0.184886,0.467604,5,0.7
netbox-community__netbox-7676,netbox-community/netbox,Performance Issue,bug,1,346,574,1,,423,1329,4,356.739169,178.369585,4,4,28,28,38,268,0.302748,0.302748,15,2.9
Innopoints__backend-124,Innopoints/backend,Security Vulnerability,security,5,47,3,1,,47,125,0,2.294906,1.147453,1,1,1,1,1,38,0.294952,0.285886,9,0.4
zulip__zulip-14091,zulip/zulip,Performance Issue,bug,1,937,402,1,,1049,2339,4,227.812009,113.906004,4,4,47,47,68,434,0.392514,0.392514,8,8.6
modin-project__modin-3404,modin-project/modin,Feature Request,feature,2,265,19,1,,327,708,4,15.234196,7.617098,4,4,22,22,23,187,0.445923,0.448986,7,2.4
pandas-dev__pandas-35029,pandas-dev/pandas,Feature Request,feature,1,314,70,1,,1204,5449,4,52.664159,26.33208,4,4,12,12,15,283,0.458687,0.478969,14,7.1
pyca__pyopenssl-578,pyca/pyopenssl,Performance Issue,bug,2,23,195,1,,32,49,4,109.039088,54.519544,2,2,2,2,3,19,0.060544,0.060544,8,0.5
matchms__matchms-backup-187,matchms/matchms-backup,Security Vulnerability,security,4,46,12,1,,72,148,4,19.902135,9.951067,1,1,1,1,1,0,,,4,0.5
latchset__jwcrypto-195,latchset/jwcrypto,Security Vulnerability,security,2,11,87,1,,11,23,4,41.896422,20.948211,2,3,2,3,1,6,0.247436,0.324547,5,0.4
django__django-5605,django/django,Security Vulnerability,security,1,843,162,1,,2320,8544,4,159.903668,79.951834,4,4,14,29,6,625,0.412479,0.49643,10,14.7
jax-ml__jax-25114,jax-ml/jax,Feature Request,feature,2,545,62,1,,753,4299,4,46.860438,23.430219,4,4,11,11,12,450,0.378559,0.409786,21,5.7
justin13601__ACES-145,justin13601/ACES,Performance Issue,bug,3,13,114,1,,22,26,4,42.11682,21.05841,3,3,3,3,5,8,0.506714,0.506714,3,0.6
aio-libs__aiohttp-7829,aio-libs/aiohttp,Performance Issue,bug,1,68,642,1,,131,484,4,325.537196,162.768598,4,4,16,16,38,58,0.191912,0.191912,23,1.2
jupyterhub__oauthenticator-764,jupyterhub/oauthenticator,Performance Issue,bug,2,21,15,1,,36,50,4,5.362186,2.681093,4,4,6,6,8,15,0.266586,0.266586,4,0.5
PlasmaPy__PlasmaPy-2542,PlasmaPy/PlasmaPy,Performance Issue,bug,1,123,129,1,,228,692,4,52.681774,26.340887,4,4,14,14,17,98,0.404819,0.404819,15,1.7
scikit-learn__scikit-learn-24076,scikit-learn/scikit-learn,Performance Issue,bug,5,616,356,1,,903,5974,4,162.016357,81.008178,4,4,147,147,223,580,0.371846,0.371846,31,6.1
fractal-analytics-platform__fractal-tasks-core-889,fractal-analytics-platform/fractal-tasks-core,Performance Issue,bug,1,82,86,1,,141,319,4,27.008417,13.504209,4,4,22,22,26,63,0.313689,0.313689,12,1.2
OpenEnergyPlatform__open-MaStR-598,OpenEnergyPlatform/open-MaStR,Performance Issue,bug,1,33,130,1,,43,65,4,33.9193,16.95965,4,4,13,13,16,18,0.55206,0.55206,6,1.1
kedro-org__kedro-4367,kedro-org/kedro,Performance Issue,bug,1,96,193,1,,178,487,4,127.266668,63.633334,4,4,10,10,12,68,0.392505,0.392505,15,2.8
UCL__TLOmodel-1524,UCL/TLOmodel,Performance Issue,bug,1,250,459,1,,322,2589,4,224.798374,112.399187,4,4,41,41,59,216,0.333812,0.333812,43,7.2
Deltares__imod-python-1159,Deltares/imod-python,Performance Issue,bug,3,259,173,1,,457,1366,4,71.127872,35.563936,4,4,54,54,62,245,0.445425,0.445425,13,2.3
Project-MONAI__MONAI-8123,Project-MONAI/MONAI,Performance Issue,bug,2,414,113,1,,1199,6112,4,81.167689,40.583845,4,4,16,16,17,375,0.38862,0.38862,19,5.6
Qiskit__qiskit-13052,Qiskit/qiskit,Feature Request,feature,2,816,10,1,,1282,10009,4,17.832855,8.916428,4,4,15,15,18,795,0.307234,0.328367,27,8.8
ivadomed__ivadomed-1081,ivadomed/ivadomed,Performance Issue,bug,3,58,224,1,,97,302,4,55.253653,27.626827,4,4,21,21,25,47,0.511093,0.511093,13,0.8
zulip__zulip-31168,zulip/zulip,Performance Issue,bug,2,1522,64,1,,1676,5558,4,51.328198,25.664099,4,4,39,39,54,602,0.462332,0.462332,11,15.3
vllm-project__vllm-7209,vllm-project/vllm,Performance Issue,bug,1,622,422,1,,1000,5157,4,340.351726,170.175863,4,4,4,4,4,554,0.283569,0.283569,20,5.7
xCDAT__xcdat-689,xCDAT/xcdat,Performance Issue,bug,1,17,338,1,,26,66,4,101.518874,50.759437,4,4,4,4,5,12,0.552555,0.552555,6,0.9
ansys__pymapdl-3705,ansys/pymapdl,Performance Issue,bug,1,239,36,1,,280,549,4,18.311727,9.155863,4,4,15,15,20,229,0.607847,0.607847,5,3.5
CrossGL__crosstl-229,CrossGL/crosstl,Performance Issue,bug,1,42,131,1,,78,123,4,43.601152,21.800576,4,4,7,7,7,37,0.354786,0.354786,6,0.6
kiasambrook__tfl-live-tracker-7,kiasambrook/tfl-live-tracker,Performance Issue,bug,2,9,33,1,,12,1,4,4.314146,2.157073,2,2,2,2,3,0,,,0,0.3
ckan__ckan-8226,ckan/ckan,Performance Issue,bug,3,462,163,1,,676,1871,4,116.662745,58.331372,4,4,16,16,18,353,0.403891,0.403891,9,5.9
fulcrumgenomics__prymer-99,fulcrumgenomics/prymer,Performance Issue,bug,1,28,107,1,,57,123,4,89.38918,44.69459,4,4,7,7,12,22,0.468871,0.468871,8,0.6
nautobot__nautobot-6364,nautobot/nautobot,Performance Issue,bug,4,773,875,1,,927,3670,4,326.486698,163.243349,4,4,45,45,81,536,0.291176,0.291176,22,7.0
intelowlproject__GreedyBear-397,intelowlproject/GreedyBear,Performance Issue,bug,3,48,48,1,,60,65,4,17.990888,8.995444,3,3,3,3,5,22,0.470757,0.470757,4,0.7
UXARRAY__uxarray-1144,UXARRAY/uxarray,Performance Issue,bug,2,74,24,1,,113,288,4,8.92529,4.462645,4,4,18,18,22,60,0.395039,0.395039,11,2.2
UXARRAY__uxarray-1151,UXARRAY/uxarray,Performance Issue,bug,3,74,29,1,,113,288,4,16.831985,8.415993,4,4,11,11,13,60,0.467148,0.467148,11,2.0
nautobot__nautobot-6837,nautobot/nautobot,Performance Issue,bug,4,825,205,1,,997,4005,4,141.622333,70.811167,4,4,20,20,30,577,0.259695,0.259695,22,7.2
spacetelescope__stcal-337,spacetelescope/stcal,Performance Issue,bug,2,39,313,1,,59,49,4,67.720758,33.860379,4,4,16,16,26,6,0.348661,0.348661,4,1.0
CWorthy-ocean__roms-tools-227,CWorthy-ocean/roms-tools,Performance Issue,bug,3,21,396,1,,39,129,4,132.744635,66.372318,4,4,12,12,15,15,0.131672,0.131672,12,2.3
twisted__klein-773,twisted/klein,Performance Issue,bug,1,44,34,1,,65,159,4,13.358619,6.679309,3,3,3,3,7,27,0.228687,0.228687,7,0.5
traceloop__openllmetry-2577,traceloop/openllmetry,Performance Issue,bug,3,221,350,1,,363,85,4,103.444658,51.722329,4,4,5,5,7,24,0.67195,0.67195,1,2.5
hyeneung__tech-blog-hub-site-49,hyeneung/tech-blog-hub-site,Performance Issue,bug,3,39,102,1,,39,11,4,20.746631,10.373315,4,4,11,11,11,4,0.242195,0.242195,2,0.7
aio-libs__aiohttp-9692,aio-libs/aiohttp,Performance Issue,bug,1,74,258,1,,142,586,4,138.959649,69.479825,4,4,16,16,31,61,0.285796,0.285796,24,1.2
home-assistant__core-136739,home-assistant/core,Performance Issue,bug,4,7935,84,1,,13809,78216,4,51.876741,25.938371,4,4,121,121,238,7556,0.486611,0.486611,10,67.2
vllm-project__vllm-9338,vllm-project/vllm,Feature Request,feature,1,510,160,1,,838,4203,4,59.55254,29.77627,4,4,32,32,41,461,0.240855,0.247769,22,4.7
celery__django-celery-beat-835,celery/django-celery-beat,Performance Issue,bug,1,47,367,1,,52,40,4,108.960277,54.480139,4,4,5,5,7,16,0.57851,0.57851,5,0.5
Standard-Labs__real-intent-27,Standard-Labs/real-intent,Performance Issue,bug,2,19,23,1,,22,41,4,14.820517,7.410259,1,1,1,1,1,17,0.587024,0.587024,4,0.3
Standard-Labs__real-intent-102,Standard-Labs/real-intent,Performance Issue,bug,2,33,4,1,,43,102,0,0.0,0.0,0,0,0,0,0,0,,,5,0.4
vllm-project__vllm-7874,vllm-project/vllm,Performance Issue,bug,1,442,1680,1,,710,3303,4,1055.587477,527.793739,4,4,24,24,39,393,0.336516,0.336516,23,4.5
NCSU-High-Powered-Rocketry-Club__AirbrakesV2-151,NCSU-High-Powered-Rocketry-Club/AirbrakesV2,Performance Issue,bug,5,43,108,1,,67,174,4,47.676458,23.838229,4,4,7,7,12,28,0.210726,0.210726,9,1.9
scikit-learn__scikit-learn-8478,scikit-learn/scikit-learn,Feature Request,feature,3,499,42,1,,693,3823,4,29.092471,14.546236,4,4,10,10,16,465,0.344694,0.370394,30,4.3
cupy__cupy-3730,cupy/cupy,Performance Issue,bug,4,210,46,1,,451,1013,4,32.087496,16.043748,4,4,8,8,13,184,0.604966,0.604966,5,2.6
scikit-learn__scikit-learn-17443,scikit-learn/scikit-learn,Feature Request,feature,4,605,83,1,,879,5337,4,70.492965,35.246482,4,4,41,41,49,555,0.355322,0.377835,28,5.6
Qiskit__qiskit-13141,Qiskit/qiskit,Feature Request,feature,2,808,53,1,,1273,9945,4,38.106792,19.053396,4,4,31,31,38,786,0.27935,0.302665,26,8.7
dask__dask-8040,dask/dask,Performance Issue,bug,1,119,56,1,,234,1027,4,26.342312,13.171156,4,4,11,11,32,108,0.248767,0.248767,22,1.8
django__django-18158,django/django,Feature Request,feature,1,879,68,1,,2816,10979,4,42.699716,21.349858,4,4,74,74,132,642,0.472429,0.508329,11,17.8
Happy-Algorithms-League__hal-cgp-180,Happy-Algorithms-League/hal-cgp,Performance Issue,bug,2,23,72,1,,34,62,4,18.263403,9.131701,4,4,9,9,12,17,0.394113,0.394113,8,0.4
sgkit-dev__sgkit-447,sgkit-dev/sgkit,Performance Issue,bug,2,51,185,1,,86,183,4,54.825549,27.412775,4,4,15,15,19,32,0.458239,0.458239,8,0.9
numpy__numpy-17394,numpy/numpy,Feature Request,feature,1,261,355,1,,507,1245,4,236.258789,118.129394,4,4,35,35,47,224,0.3545,0.381574,9,4.3
Ouranosinc__xclim-477,Ouranosinc/xclim,Performance Issue,bug,5,40,86,1,,72,162,4,49.11896,24.55948,4,4,6,6,12,32,0.408786,0.408786,10,1.3
scikit-learn__scikit-learn-10280,scikit-learn/scikit-learn,Feature Request,feature,5,499,59,1,,695,3841,4,38.732609,19.366305,4,4,48,48,66,464,0.298397,0.333469,30,4.1
scikit-learn__scikit-learn-10471,scikit-learn/scikit-learn,Performance Issue,bug,1,496,56,1,,684,3770,4,33.313492,16.656746,4,4,64,64,82,461,0.328358,0.328358,30,4.2
pandas-dev__pandas-22762,pandas-dev/pandas,Feature Request,feature,4,258,160,1,,735,3298,4,90.382119,45.191059,4,4,77,77,125,227,0.47135,0.513486,16,5.3
tarantool__ansible-cartridge-172,tarantool/ansible-cartridge,Performance Issue,bug,1,16,90,1,,31,41,4,16.524534,8.262267,4,4,4,4,6,0,,,3,0.6
scikit-learn__scikit-learn-23197,scikit-learn/scikit-learn,Performance Issue,bug,2,628,144,1,,914,5738,4,63.010288,31.505144,4,4,101,101,154,575,0.322207,0.322207,29,5.6
numpy__numpy-8206,numpy/numpy,Feature Request,feature,1,246,105,1,,415,1059,4,92.572921,46.286461,4,4,31,31,43,196,0.379056,0.402893,9,3.1
scikit-learn__scikit-learn-14800,scikit-learn/scikit-learn,Feature Request,feature,1,550,32,1,,788,4623,4,40.587568,20.293784,4,4,5,5,6,508,0.297345,0.322295,26,4.7
pandas-dev__pandas-18330,pandas-dev/pandas,Feature Request,feature,2,256,200,1,,584,2536,4,101.920673,50.960337,4,4,66,66,97,207,0.488975,0.529668,16,4.7
scikit-learn__scikit-learn-11179,scikit-learn/scikit-learn,Feature Request,feature,2,542,236,1,,736,3892,4,183.011821,91.505911,4,4,4,4,8,513,0.314156,0.345286,25,4.5
pandas-dev__pandas-19074,pandas-dev/pandas,Feature Request,feature,1,254,4744,1,,619,2722,4,2241.463372,1120.731686,4,4,65,65,122,207,0.498923,0.537725,16,6.3
rapidsai__dask-cuda-98,rapidsai/dask-cuda,Performance Issue,bug,1,11,153,1,,17,21,4,44.99083,22.495415,4,4,4,4,5,6,0.496111,0.496111,4,0.4
django__django-6478,django/django,Feature Request,feature,3,846,364,1,,2394,8911,4,306.179906,153.089953,4,4,84,84,185,628,0.440306,0.474537,10,15.2
oppia__oppia-14784,oppia/oppia,Performance Issue,bug,3,459,111,1,,778,3824,4,56.857065,28.428533,4,4,24,24,40,344,0.314883,0.314883,22,10.0
modin-project__modin-3438,modin-project/modin,Feature Request,feature,1,251,21,1,,313,689,4,11.120069,5.560034,4,4,20,20,26,193,0.272541,0.26547,8,2.1
freedomofpress__securedrop-client-944,freedomofpress/securedrop-client,Performance Issue,bug,3,32,70,1,,74,144,4,25.502223,12.751111,4,4,7,7,14,20,0.573227,0.573227,11,1.0
modin-project__modin-4391,modin-project/modin,Performance Issue,bug,3,297,272,1,,377,932,4,202.124109,101.062055,4,4,41,41,57,221,0.442628,0.442628,9,3.0
pandas-dev__pandas-20796,pandas-dev/pandas,Performance Issue,bug,3,245,29,1,,781,3494,4,28.057474,14.028737,4,4,24,24,30,217,0.486953,0.486953,17,5.4
azavea__raster-vision-676,azavea/raster-vision,Performance Issue,bug,3,262,28,1,,347,932,4,37.47915,18.739575,2,2,2,2,3,243,0.292005,0.292005,10,2.0
dask__dask-7183,dask/dask,Feature Request,feature,1,112,49,1,,216,954,4,34.079243,17.039621,4,4,6,6,10,100,0.288888,0.312711,26,1.6
zarr-developers__zarr-python-738,zarr-developers/zarr-python,Performance Issue,bug,4,20,50,1,,36,110,4,21.743306,10.871653,4,4,8,8,12,14,0.4045,0.4045,12,8.7
paperless-ngx__paperless-ngx-1227,paperless-ngx/paperless-ngx,Performance Issue,bug,2,143,263,1,,185,208,4,136.640016,68.320008,3,3,3,3,4,58,0.374112,0.374112,5,2.1
scikit-learn__scikit-learn-13290,scikit-learn/scikit-learn,Performance Issue,bug,1,515,384,1,,725,3858,4,314.207287,157.103643,4,4,21,21,27,473,0.31917,0.31917,26,4.5
TransformerLensOrg__TransformerLens-333,TransformerLensOrg/TransformerLens,Performance Issue,bug,3,23,188,1,,48,101,4,88.314981,44.157491,4,4,7,7,8,15,0.10752,0.10752,12,0.9
NatLibFi__Annif-610,NatLibFi/Annif,Performance Issue,bug,3,54,144,1,,91,245,4,62.474404,31.237202,4,4,7,7,10,46,0.455104,0.455104,13,0.8
alexa-pi__AlexaPi-188,alexa-pi/AlexaPi,Performance Issue,bug,2,27,95,1,,27,24,4,44.524755,22.262378,1,1,1,1,1,13,0.141527,0.141527,3,0.4
feast-dev__feast-2371,feast-dev/feast,Performance Issue,bug,1,118,50,1,,179,716,4,31.120066,15.560033,2,2,2,2,2,89,0.252391,0.252391,22,2.6
huggingface__transformers-29900,huggingface/transformers,Feature Request,feature,1,1952,264,1,,2925,18600,4,222.250064,111.125032,4,4,47,47,73,1877,0.43807,0.455293,10,19.5
cisagov__manage.get.gov-1669,cisagov/manage.get.gov,Performance Issue,bug,3,168,124,1,,196,375,4,69.889636,34.944818,4,4,12,12,18,89,0.374193,0.374193,11,1.4
Agenta-AI__agenta-1639,Agenta-AI/agenta,Performance Issue,bug,3,240,79,1,,254,612,4,36.507302,18.253651,4,4,40,40,46,197,0.298455,0.298455,8,2.9
matrix-org__synapse-8744,matrix-org/synapse,Performance Issue,bug,3,487,32,1,,706,3140,4,21.131515,10.565757,4,4,44,44,48,437,0.341784,0.341784,16,4.2
NVIDIA__NeMo-9100,NVIDIA/NeMo,Performance Issue,bug,2,1519,452,1,,1700,6079,4,170.348513,85.174257,4,4,158,158,171,1315,0.325934,0.325934,13,11.5
streamlit__streamlit-9754,streamlit/streamlit,Security Vulnerability,security,1,413,312,1,,806,2464,4,161.436445,80.718223,4,4,14,11,23,369,0.3156,0.3186,11,11.1
streamlit__streamlit-9472,streamlit/streamlit,Performance Issue,bug,1,395,352,1,,775,2389,4,144.599831,72.299916,4,4,62,62,111,353,0.435884,0.435884,14,10.3
streamlit__streamlit-8741,streamlit/streamlit,Performance Issue,bug,1,377,199,1,,713,2165,4,73.330288,36.665144,4,4,57,57,72,337,0.418311,0.418311,11,9.7
mesonbuild__meson-14013,mesonbuild/meson,Bug Report,bug,1,516,184,1,,524,1815,4,117.013902,58.506951,4,4,63,63,64,247,0.449922,0.449922,14,9.2
scikit-learn__scikit-learn-30327,scikit-learn/scikit-learn,Feature Request,feature,2,632,78,1,,932,6929,4,62.850102,31.425051,4,4,82,82,98,590,0.284015,0.317279,39,19.7
scikit-learn__scikit-learn-30128,scikit-learn/scikit-learn,Feature Request,feature,1,632,168,1,,932,6925,4,126.032052,63.016026,4,4,25,25,45,590,0.319582,0.354042,39,19.1
scikit-learn__scikit-learn-28678,scikit-learn/scikit-learn,Feature Request,feature,1,635,58,1,,932,6745,4,35.360851,17.680425,4,4,109,109,133,595,0.251092,0.275541,37,16.1
PrefectHQ__prefect-16369,PrefectHQ/prefect,Bug Report,bug,1,776,145,1,,1320,5406,4,111.69003,55.845015,4,4,46,46,73,607,0.398093,0.398093,18,8.5
PrefectHQ__prefect-16328,PrefectHQ/prefect,Bug Report,bug,1,774,137,1,,1317,5390,4,77.894362,38.947181,4,4,70,70,117,606,0.312686,0.312686,18,8.4
PrefectHQ__prefect-16145,PrefectHQ/prefect,Bug Report,bug,1,768,807,1,,1309,5282,4,391.379918,195.689959,4,4,113,113,194,602,0.373743,0.373743,18,8.8
PrefectHQ__prefect-16117,PrefectHQ/prefect,Bug Report,bug,1,793,157,1,,1330,6082,4,92.107854,46.053927,4,4,69,69,120,637,0.331542,0.331542,21,8.2
PrefectHQ__prefect-15909,PrefectHQ/prefect,Bug Report,bug,1,760,337,1,,1292,5221,4,293.599989,146.799994,4,4,29,29,40,594,0.424196,0.424196,19,8.1
PrefectHQ__prefect-15468,PrefectHQ/prefect,Feature Request,feature,1,718,91,1,,1245,4980,4,76.733421,38.366711,4,4,35,35,44,556,0.409626,0.428459,18,7.7
PrefectHQ__prefect-14693,PrefectHQ/prefect,Feature Request,feature,1,793,64,1,,1324,6072,4,54.769808,27.384904,4,4,22,22,40,635,0.318982,0.344369,21,8.1
PrefectHQ__prefect-14608,PrefectHQ/prefect,Feature Request,feature,1,689,25,1,,1185,4713,4,34.20447,17.102235,4,4,30,30,44,531,0.32052,0.340034,18,8.5
PrefectHQ__prefect-14259,PrefectHQ/prefect,Feature Request,feature,1,684,58,1,,1179,4703,4,46.266639,23.133319,4,4,36,36,41,524,0.316165,0.331014,18,8.5
PrefectHQ__prefect-13756,PrefectHQ/prefect,Feature Request,feature,1,674,51,1,,1164,4645,4,58.823521,29.411761,4,4,23,23,32,513,0.273873,0.297577,17,7.7
PrefectHQ__prefect-13367,PrefectHQ/prefect,Feature Request,feature,1,783,26,1,,1301,5757,4,23.634928,11.817464,4,4,49,49,61,629,0.307201,0.319595,21,7.9
PrefectHQ__prefect-13366,PrefectHQ/prefect,Feature Request,feature,1,792,26,1,,1323,5873,4,24.298776,12.149388,4,4,44,44,61,637,0.263715,0.273631,21,8.0
PrefectHQ__prefect-13259,PrefectHQ/prefect,Feature Request,feature,1,791,203,1,,1322,6052,4,145.313881,72.65694,4,4,49,49,83,633,0.426333,0.437259,21,8.0
PrefectHQ__prefect-12410,PrefectHQ/prefect,Feature Request,feature,1,596,68,1,,928,4017,4,56.708129,28.354065,4,4,26,26,50,460,0.414774,0.424966,21,5.8
PrefectHQ__prefect-12045,PrefectHQ/prefect,Feature Request,feature,1,564,1084,1,,864,3674,4,643.290057,321.645029,4,4,23,23,35,433,0.316667,0.320024,20,6.3
Delgan__loguru-1239,Delgan/loguru,Feature Request,feature,1,21,104,1,,163,202,4,30.614126,15.307063,3,3,3,3,13,17,0.670912,0.666435,2,0.8
Lightning-AI__pytorch-lightning-20403,Lightning-AI/pytorch-lightning,Feature Request,feature,1,308,56,1,,630,3513,4,21.517009,10.758504,4,4,46,46,60,285,0.254333,0.27473,24,3.6
dask__dask-11609,dask/dask,Performance Issue,bug,1,131,374,1,,265,1347,4,149.136138,74.568069,4,4,20,20,28,122,0.317933,0.317933,27,2.2
dask__dask-11605,dask/dask,Bug Report,bug,1,131,598,1,,265,1346,4,369.315333,184.657666,4,4,17,17,26,122,0.37079,0.37079,27,2.2
dask__dask-11541,dask/dask,Bug Report,bug,1,131,29,1,,265,1330,4,19.626216,9.813108,4,4,22,22,35,122,0.36784,0.36784,26,2.1
dask__dask-11479,dask/dask,Performance Issue,bug,1,131,211,1,,265,1312,4,124.417594,62.208797,4,4,31,31,38,122,0.321837,0.321837,26,2.1
dask__dask-11450,dask/dask,Performance Issue,bug,1,131,155,1,,264,1305,4,68.836873,34.418437,4,4,20,20,39,122,0.301107,0.301107,26,2.1
dask__dask-11434,dask/dask,Feature Request,feature,1,131,99,1,,264,1303,4,64.082575,32.041287,4,4,23,23,27,122,0.290998,0.306047,26,2.0
dask__dask-11393,dask/dask,Feature Request,feature,1,131,149,1,,264,1301,4,100.296369,50.148184,4,4,26,26,51,122,0.320024,0.336102,26,2.1
dask__dask-11354,dask/dask,Feature Request,feature,1,130,181,1,,262,1284,4,97.304349,48.652174,4,4,27,27,44,121,0.303953,0.319091,26,2.1
dask__dask-11303,dask/dask,Performance Issue,bug,1,129,618,1,,261,1277,4,407.324493,203.662246,4,4,24,24,43,120,0.334943,0.334943,27,2.1
dask__dask-11183,dask/dask,Feature Request,feature,1,128,147,1,,258,1275,4,83.315195,41.657597,4,4,18,18,23,119,0.298943,0.318447,27,2.0
dask__dask-10963,dask/dask,Feature Request,feature,1,129,72,1,,259,1269,4,56.005856,28.002928,4,4,10,10,15,120,0.327107,0.353249,26,2.0
dask__dask-10796,dask/dask,Feature Request,feature,1,128,17,1,,256,1243,4,18.631253,9.315626,3,3,3,3,5,120,0.443752,0.45212,26,1.9
dask__dask-10785,dask/dask,Feature Request,feature,1,128,33,1,,256,1242,4,22.581471,11.290735,4,4,18,18,21,119,0.273423,0.289997,26,1.9
dask__dask-10754,dask/dask,Feature Request,feature,1,128,12,1,,256,1242,4,9.733578,4.866789,4,4,21,21,27,119,0.291963,0.308935,26,2.0
dask__dask-10750,dask/dask,Feature Request,feature,1,128,48,1,,256,1243,4,30.773304,15.386652,4,4,23,23,39,119,0.324271,0.34524,26,2.0
DS4SD__docling-330,DS4SD/docling,Bug Report,bug,1,50,86,1,,65,234,4,41.999199,20.9996,3,3,3,3,5,40,0.31112,0.31112,13,1.1
DS4SD__docling-314,DS4SD/docling,Bug Report,bug,1,50,104,1,,65,234,4,42.107956,21.053978,4,4,10,10,12,39,0.397089,0.397089,13,1.1
getmoto__moto-8401,getmoto/moto,Bug Report,bug,1,1285,587,1,,2213,6434,4,338.314414,169.157207,4,4,49,49,116,1174,0.269184,0.269184,6,11.4
getmoto__moto-8390,getmoto/moto,Bug Report,bug,1,1280,465,1,,2206,6422,4,401.094577,200.547289,4,4,7,7,7,1171,0.263448,0.263448,6,11.3
getmoto__moto-8365,getmoto/moto,Bug Report,bug,1,1280,254,1,,2205,6418,4,150.864078,75.432039,4,4,85,85,220,1170,0.486508,0.486508,6,11.0
getmoto__moto-8342,getmoto/moto,Bug Report,bug,1,1280,695,1,,2204,6411,4,423.253986,211.626993,4,4,36,36,54,1170,0.297967,0.297967,6,11.5
getmoto__moto-8316,getmoto/moto,Bug Report,bug,1,1280,339,1,,2202,6406,4,253.675692,126.837846,4,4,46,46,85,1170,0.42917,0.42917,6,10.9
getmoto__moto-8315,getmoto/moto,Bug Report,bug,1,1280,163,1,,2202,6406,4,158.485016,79.242508,4,4,44,44,136,1170,0.355933,0.355933,6,10.7
ray-project__ray-49236,ray-project/ray,Bug Report,bug,1,2263,155,1,,3392,11024,4,162.739421,81.36971,4,4,30,30,48,1588,0.349624,0.349624,12,23.0
ray-project__ray-49221,ray-project/ray,Bug Report,bug,1,2262,119,1,,3392,11027,4,105.313377,52.656689,4,4,60,60,130,1587,0.432912,0.432912,12,22.2
ray-project__ray-49118,ray-project/ray,Bug Report,bug,1,2280,2887,1,,3410,11028,4,1749.456904,874.728452,4,4,56,56,121,1588,0.353761,0.353761,12,27.7
ray-project__ray-48957,ray-project/ray,Feature Request,feature,1,2280,637,1,,3410,11028,4,359.752408,179.876204,4,4,160,160,258,1588,0.382147,0.410996,12,23.2
ray-project__ray-48907,ray-project/ray,Bug Report,bug,1,2269,346,1,,3398,11019,4,258.396841,129.198421,4,4,63,63,81,1582,0.446769,0.446769,12,22.5
ray-project__ray-48782,ray-project/ray,Bug Report,bug,1,2270,674,1,,3395,10995,4,701.327898,350.663949,4,4,11,11,22,1583,0.330224,0.330224,12,23.1
ray-project__ray-48623,ray-project/ray,Bug Report,bug,1,2265,1107,1,,3387,10953,4,557.683824,278.841912,4,4,51,51,83,1581,0.3243,0.3243,12,23.6
spotify__luigi-3308,spotify/luigi,Security Vulnerability,security,1,120,76,1,,255,743,4,38.375865,19.187932,4,4,7,30,2,110,0.42294,0.379489,10,1.5
bridgecrewio__checkov-6909,bridgecrewio/checkov,Bug Report,bug,1,2477,692,1,,4520,10961,4,336.860263,168.430131,4,4,59,59,104,2060,0.557585,0.557585,4,23.9
bridgecrewio__checkov-6895,bridgecrewio/checkov,Bug Report,bug,1,2477,200,1,,4520,10960,4,128.396738,64.198369,4,4,37,37,80,2060,0.549606,0.549606,4,22.6
bridgecrewio__checkov-6828,bridgecrewio/checkov,Bug Report,bug,1,2462,406,1,,4492,10868,4,292.730376,146.365188,4,4,24,24,48,2047,0.580719,0.580719,4,23.1
BerriAI__litellm-6563,BerriAI/litellm,Bug Report,bug,1,512,663,1,,811,2831,4,273.42081,136.710405,4,4,34,34,58,375,0.489507,0.489507,8,6.4
keras-team__keras-20626,keras-team/keras,Bug Report,bug,1,591,88,1,,827,4008,4,52.901676,26.450838,4,4,54,54,65,564,0.452966,0.452966,17,4.0
keras-team__keras-20602,keras-team/keras,Bug Report,bug,1,590,947,1,,825,3993,4,1129.539647,564.769823,4,4,5,5,6,563,0.574144,0.574144,17,4.5
keras-team__keras-20550,keras-team/keras,Bug Report,bug,1,589,217,1,,823,3979,4,146.875373,73.437686,4,4,35,35,45,562,0.464327,0.464327,17,4.1
keras-team__keras-20537,keras-team/keras,Bug Report,bug,1,589,46,1,,823,3975,4,32.546759,16.27338,4,4,15,15,20,562,0.485316,0.485316,17,3.9
keras-team__keras-20534,keras-team/keras,Bug Report,bug,1,589,96,1,,823,3972,4,76.15531,38.077655,4,4,37,37,41,562,0.407339,0.407339,17,4.0
keras-team__keras-20456,keras-team/keras,Feature Request,feature,1,589,46,1,,823,3959,4,21.512078,10.756039,4,4,87,87,97,562,0.428547,0.435549,17,4.0
keras-team__keras-20443,keras-team/keras,Bug Report,bug,1,588,104,1,,822,3955,4,55.008697,27.504349,4,4,29,29,35,561,0.407548,0.407548,17,4.0
keras-team__keras-19852,keras-team/keras,Performance Issue,bug,1,560,58,1,,779,3633,4,35.087405,17.543703,4,4,54,54,67,535,0.462675,0.462675,16,3.7
huggingface__accelerate-3248,huggingface/accelerate,Bug Report,bug,1,122,94,1,,165,732,4,61.48661,30.743305,4,4,6,6,8,97,0.332085,0.332085,21,1.2
vllm-project__vllm-10462,vllm-project/vllm,Feature Request,feature,1,575,85,1,,933,4869,4,46.044799,23.0224,4,4,21,21,28,514,0.279596,0.290302,23,4.9
vllm-project__vllm-10198,vllm-project/vllm,Bug Report,bug,1,585,1308,1,,956,5030,4,1117.077632,558.538816,1,1,1,1,1,526,0.280232,0.280232,22,5.7
vllm-project__vllm-9846,vllm-project/vllm,Performance Issue,bug,1,541,34,1,,878,4436,4,15.668774,7.834387,4,4,60,60,103,483,0.430851,0.430851,22,4.6
vllm-project__vllm-7783,vllm-project/vllm,Feature Request,feature,1,430,71,1,,689,3173,4,47.556649,23.778324,4,4,16,16,20,384,0.365564,0.378961,23,3.6
pydantic__pydantic-10789,pydantic/pydantic,Feature Request,feature,1,108,464,1,,258,1063,4,254.133346,127.066673,4,4,39,39,54,99,0.249175,0.268723,18,1.9
pydantic__pydantic-10601,pydantic/pydantic,Performance Issue,bug,1,108,187,1,,307,1235,4,80.19017,40.095085,4,4,27,27,44,99,0.306546,0.306546,18,1.9
pydantic__pydantic-10374,pydantic/pydantic,Feature Request,feature,1,107,148,1,,305,1212,4,56.715948,28.357974,4,4,37,37,65,98,0.27665,0.301744,18,1.8
pydantic__pydantic-10210,pydantic/pydantic,Feature Request,feature,1,107,262,1,,302,1211,4,169.391108,84.695554,4,4,19,19,24,98,0.247907,0.265628,18,2.0
pydantic__pydantic-9478,pydantic/pydantic,Feature Request,feature,1,106,282,1,,297,1186,4,189.255864,94.627932,4,4,20,20,24,72,0.262225,0.281213,18,1.8
pydantic__pydantic-8706,pydantic/pydantic,Feature Request,feature,1,104,251,1,,279,1123,4,192.29256,96.14628,4,4,15,15,16,70,0.224752,0.24411,18,1.7
facebookresearch__xformers-1166,facebookresearch/xformers,Bug Report,bug,1,153,601,1,,193,459,4,192.973579,96.486789,4,4,14,14,18,133,0.386956,0.386956,11,2.2
yt-dlp__yt-dlp-11751,yt-dlp/yt-dlp,Bug Report,bug,1,1106,1740,1,,1151,3822,4,1322.182868,661.091434,4,4,6,6,7,1094,0.558134,0.558134,3,6.6
yt-dlp__yt-dlp-11750,yt-dlp/yt-dlp,Bug Report,bug,1,1106,604,1,,1151,3822,4,429.645691,214.822846,4,4,7,7,7,1094,0.522387,0.522387,3,5.5
yt-dlp__yt-dlp-11438,yt-dlp/yt-dlp,Bug Report,bug,1,1104,380,1,,1149,3808,4,324.390174,162.195087,4,4,4,4,4,1092,0.570883,0.570883,3,5.4
stanfordnlp__dspy-1741,stanfordnlp/dspy,Feature Request,feature,1,186,46,1,,267,683,4,20.032032,10.016016,4,4,44,44,81,171,0.368537,0.374668,9,8.2
Qiskit__qiskit-13436,Qiskit/qiskit,Bug Report,bug,1,818,78,1,,1286,10208,4,35.85643,17.928215,4,4,34,34,68,797,0.245369,0.245369,27,8.9
Qiskit__qiskit-12214,Qiskit/qiskit,Feature Request,feature,1,804,51,1,,1266,9705,4,37.634484,18.817242,4,4,48,48,64,784,0.260891,0.281514,24,8.2
conan-io__conan-17369,conan-io/conan,Bug Report,bug,1,330,82,1,,992,2784,4,117.930863,58.965431,3,3,3,3,11,293,0.465199,0.465199,8,3.9
python__mypy-18293,python/mypy,Bug Report,bug,1,315,39,1,,391,1718,4,30.648857,15.324429,4,4,47,47,53,235,0.394636,0.394636,20,3.8
python__mypy-18290,python/mypy,Bug Report,bug,1,315,68,1,,391,1718,4,56.111728,28.055864,4,4,46,46,49,235,0.183769,0.183769,20,3.8
python__mypy-18197,python/mypy,Bug Report,bug,1,315,221,1,,391,1717,4,115.276059,57.63803,4,4,55,55,62,235,0.374633,0.374633,20,3.8
python__mypy-18164,python/mypy,Bug Report,bug,1,315,129,1,,391,1717,4,67.805555,33.902778,4,4,65,65,69,235,0.299643,0.299643,20,3.5
python__mypy-18163,python/mypy,Feature Request,feature,1,315,93,1,,391,1717,4,41.633157,20.816578,4,4,66,66,71,235,0.382696,0.410758,20,3.8
python__mypy-18160,python/mypy,Bug Report,bug,1,315,179,1,,391,1717,4,91.744123,45.872062,4,4,31,31,35,235,0.408,0.408,20,3.6
python__mypy-18141,python/mypy,Bug Report,bug,1,315,70,1,,391,1717,4,29.527209,14.763604,4,4,62,62,67,235,0.316155,0.316155,20,3.7
python__mypy-18119,python/mypy,Bug Report,bug,1,315,247,1,,391,1717,4,148.391847,74.195923,4,4,30,30,33,235,0.360221,0.360221,20,3.8
python__mypy-18102,python/mypy,Bug Report,bug,1,315,320,1,,391,1717,4,104.263047,52.131524,4,4,53,53,57,235,0.259535,0.259535,20,3.7
python__mypy-18091,python/mypy,Bug Report,bug,1,315,902,1,,391,1717,4,463.876777,231.938389,4,4,56,56,70,235,0.298137,0.298137,20,4.2
scipy__scipy-21918,scipy/scipy,Bug Report,bug,1,651,591,1,,1031,2767,4,482.292688,241.146344,4,4,6,6,10,580,0.429319,0.429319,8,11.3
scipy__scipy-21912,scipy/scipy,Bug Report,bug,1,650,513,1,,1030,2765,4,337.745068,168.872534,4,4,13,13,20,580,0.433897,0.433897,8,11.0
scipy__scipy-21808,scipy/scipy,Bug Report,bug,1,650,326,1,,1029,2738,4,294.491873,147.245937,3,3,3,3,3,577,0.463522,0.463522,8,10.9
scipy__scipy-21801,scipy/scipy,Feature Request,feature,1,651,422,1,,1031,2746,4,278.590444,139.295222,4,4,83,83,104,577,0.383241,0.406427,8,11.4
pandas-dev__pandas-60407,pandas-dev/pandas,Bug Report,bug,1,378,491,1,,1498,7254,4,258.547824,129.273912,4,4,62,62,104,336,0.512687,0.512687,14,73.9
pandas-dev__pandas-59900,pandas-dev/pandas,Feature Request,feature,1,378,73,1,,1495,7323,4,40.24115,20.120575,4,4,76,76,111,336,0.541859,0.559517,14,73.5
pylint-dev__pylint-10075,pylint-dev/pylint,Bug Report,bug,1,1079,54,1,,2288,1305,4,30.5699,15.28495,4,4,33,33,103,179,0.833794,0.833794,1,9.9
secdev__scapy-4586,secdev/scapy,Bug Report,bug,1,364,267,1,,375,2138,4,184.624773,92.312387,4,4,24,24,24,339,0.372879,0.372879,18,3.6
django__django-18986,django/django,Feature Request,feature,1,879,19,1,,2814,10964,4,19.769885,9.884943,4,4,32,32,68,642,0.428614,0.472289,11,17.3
django__django-18941,django/django,Bug Report,bug,1,879,136,1,,2814,10959,4,155.683318,77.841659,3,3,3,3,6,643,0.419996,0.419996,11,17.7
django__django-18925,django/django,Bug Report,bug,1,878,142,1,,2812,10953,4,153.908228,76.954114,4,4,9,9,14,641,0.448926,0.448926,11,18.0
django__django-18911,django/django,Bug Report,bug,1,877,363,1,,2810,10938,4,248.96266,124.48133,4,4,98,98,218,640,0.425695,0.425695,11,18.6
django__django-18906,django/django,Bug Report,bug,1,877,375,1,,2810,10937,4,362.944407,181.472203,4,4,33,33,85,640,0.53488,0.53488,11,18.6
django__django-18905,django/django,Bug Report,bug,1,877,268,1,,2810,10937,4,245.983564,122.991782,4,4,32,32,84,640,0.53488,0.53488,11,18.3
django__django-18888,django/django,Bug Report,bug,1,877,110,1,,2810,10937,4,77.908314,38.954157,4,4,24,24,45,640,0.48828,0.48828,11,17.8
django__django-18854,django/django,Feature Request,feature,2,877,104,1,,2810,10937,4,75.365161,37.68258,4,4,55,55,103,640,0.413784,0.452724,11,17.6
django__django-18850,django/django,Bug Report,bug,1,877,239,1,,2810,10937,4,169.720876,84.860438,4,4,63,63,121,640,0.463541,0.463541,11,18.1
django__django-18846,django/django,Bug Report,bug,1,876,48,1,,2793,10842,4,49.893177,24.946589,4,4,6,6,13,639,0.394144,0.394144,11,18.0
django__django-18820,django/django,Feature Request,feature,1,876,223,1,,2793,10842,4,244.983237,122.491618,4,4,46,46,169,639,0.477866,0.511682,11,18.6
django__django-18796,django/django,Bug Report,bug,1,876,46,1,,2793,10834,4,44.162067,22.081034,4,4,57,57,150,639,0.523594,0.523594,11,17.5
django__django-18795,django/django,Bug Report,bug,1,876,74,1,,2793,10834,4,77.394708,38.697354,4,4,74,74,134,639,0.423537,0.423537,11,17.4
django__django-18785,django/django,Bug Report,bug,1,876,105,1,,2793,10837,4,70.341507,35.170754,4,4,34,34,59,639,0.434508,0.434508,11,17.3
django__django-18752,django/django,Feature Request,feature,1,876,375,1,,2793,10842,4,403.249019,201.62451,2,2,2,2,4,641,0.456679,0.490007,11,18.1
django__django-18653,django/django,Feature Request,feature,1,875,59,1,,2790,10806,4,68.233265,34.116633,4,4,21,21,40,638,0.484746,0.514481,11,17.7
django__django-18508,django/django,Performance Issue,bug,1,876,28,1,,2792,10791,4,35.968948,17.984474,4,4,36,36,63,639,0.382754,0.382754,11,17.4
django__django-18470,django/django,Feature Request,feature,1,876,291,1,,2792,10791,4,401.721825,200.860912,2,2,2,2,5,641,0.465683,0.489909,11,17.3
django__django-18105,django/django,Performance Issue,bug,1,875,143,1,,2776,10712,4,62.357482,31.178741,4,4,95,95,217,637,0.437104,0.437104,11,17.9
django__django-18104,django/django,Performance Issue,bug,1,875,82,1,,2776,10709,4,60.442846,30.221423,4,4,15,15,28,637,0.483682,0.483682,11,18.2
django__django-18059,django/django,Performance Issue,bug,1,875,106,1,,2776,10701,4,106.218005,53.109002,4,4,6,6,12,638,0.464667,0.464667,11,18.2
django__django-17984,django/django,Performance Issue,bug,1,875,156,1,,2776,10699,4,118.567543,59.283772,4,4,29,29,178,637,0.522392,0.522392,11,18.4
django__django-17904,django/django,Performance Issue,bug,1,875,233,1,,2776,10697,4,188.00439,94.002195,4,4,13,13,21,637,0.452054,0.452054,11,18.2
django__django-17885,django/django,Performance Issue,bug,1,876,43,1,,2793,10825,4,34.855671,17.427835,4,4,90,90,187,639,0.518546,0.518546,11,18.0
django__django-17874,django/django,Performance Issue,bug,1,875,80,1,,2774,10674,4,49.948993,24.974497,4,4,86,86,136,637,0.489797,0.489797,11,17.2
roboflow__supervision-1739,roboflow/supervision,Feature Request,feature,1,91,105,1,,132,289,4,60.428051,30.214026,4,4,7,7,9,71,0.212736,0.22158,8,2.0
roboflow__supervision-1698,roboflow/supervision,Bug Report,bug,1,91,134,1,,132,289,4,61.800084,30.900042,4,4,23,23,27,71,0.233957,0.233957,8,1.7
UKPLab__sentence-transformers-3104,UKPLab/sentence-transformers,Bug Report,bug,1,201,80,1,,226,829,4,37.070843,18.535422,4,4,30,30,32,193,0.34908,0.34908,18,1.7
UKPLab__sentence-transformers-3035,UKPLab/sentence-transformers,Bug Report,bug,1,200,554,1,,223,811,4,157.521026,78.760513,4,4,65,65,66,191,0.34277,0.34277,18,1.7
py-pdf__pypdf-2964,py-pdf/pypdf,Bug Report,bug,1,55,208,1,,83,379,4,79.753434,39.876717,4,4,10,10,21,49,0.533958,0.533958,22,1.2
py-pdf__pypdf-2934,py-pdf/pypdf,Bug Report,bug,1,55,754,1,,83,378,4,399.809673,199.904836,4,4,12,12,22,49,0.448898,0.448898,22,1.1
py-pdf__pypdf-2656,py-pdf/pypdf,Performance Issue,bug,1,53,562,1,,80,379,4,243.827333,121.913666,4,4,9,9,15,47,0.464004,0.464004,23,1.1
py-pdf__pypdf-2644,py-pdf/pypdf,Performance Issue,bug,1,53,276,1,,80,379,4,132.692794,66.346397,4,4,6,6,15,47,0.426975,0.426975,23,1.1
huggingface__trl-2450,huggingface/trl,Bug Report,bug,1,109,378,1,,148,530,4,146.619998,73.309999,4,4,31,31,37,87,0.297538,0.297538,13,1.1
huggingface__trl-2398,huggingface/trl,Bug Report,bug,1,108,266,1,,146,521,4,75.093725,37.546863,4,4,48,48,59,85,0.378614,0.378614,13,1.0
rq__rq-2138,rq/rq,Bug Report,bug,1,35,51,1,,64,302,4,20.829766,10.414883,4,4,6,6,10,30,0.218012,0.218012,22,0.5
cython__cython-6508,cython/cython,Bug Report,bug,1,317,250,1,,427,716,4,148.944092,74.472046,4,4,17,17,17,197,0.443166,0.443166,9,4.4
tobymao__sqlglot-4524,tobymao/sqlglot,Bug Report,bug,1,76,231,1,,122,570,4,97.51035,48.755175,4,4,17,17,37,69,0.431897,0.431897,21,2.1
tobymao__sqlglot-4523,tobymao/sqlglot,Bug Report,bug,1,76,137,1,,122,570,4,75.553506,37.776753,4,4,20,20,33,69,0.446694,0.446694,21,2.1
tobymao__sqlglot-4519,tobymao/sqlglot,Bug Report,bug,1,76,119,1,,122,570,4,65.292093,32.646047,4,4,23,23,42,69,0.440664,0.440664,21,2.2
tobymao__sqlglot-4515,tobymao/sqlglot,Bug Report,bug,1,76,153,1,,122,570,4,78.11083,39.055415,4,4,16,16,26,69,0.427858,0.427858,21,2.1
tobymao__sqlglot-4480,tobymao/sqlglot,Bug Report,bug,1,76,129,1,,122,568,4,60.125333,30.062666,4,4,18,18,38,69,0.446151,0.446151,21,2.2
tobymao__sqlglot-4434,tobymao/sqlglot,Feature Request,feature,4,76,169,1,,122,567,4,116.896865,58.448432,4,4,13,13,20,69,0.429845,0.452042,21,3.0
tobymao__sqlglot-4415,tobymao/sqlglot,Bug Report,bug,1,76,123,1,,122,565,4,65.394268,32.697134,4,4,25,25,45,69,0.39262,0.39262,21,2.1
tobymao__sqlglot-4390,tobymao/sqlglot,Bug Report,bug,1,76,59,1,,122,567,4,25.284438,12.642219,4,4,31,31,52,70,0.439637,0.439637,21,2.1
tobymao__sqlglot-4366,tobymao/sqlglot,Bug Report,bug,1,76,123,1,,122,567,4,43.927978,21.963989,4,4,18,18,38,70,0.416833,0.416833,21,2.1
tobymao__sqlglot-3901,tobymao/sqlglot,Performance Issue,bug,1,76,356,1,,122,549,4,221.950175,110.975087,4,4,9,9,15,70,0.326515,0.326515,21,2.1
tobymao__sqlglot-3436,tobymao/sqlglot,Feature Request,feature,1,86,107,1,,147,642,4,68.107205,34.053602,4,4,17,17,28,80,0.413833,0.440037,21,1.9
tobymao__sqlglot-3417,tobymao/sqlglot,Feature Request,feature,1,86,143,1,,147,642,4,93.28128,46.64064,4,4,12,12,27,80,0.426322,0.450097,21,1.9
tobymao__sqlglot-3167,tobymao/sqlglot,Feature Request,feature,1,86,129,1,,146,635,4,75.260697,37.630348,4,4,23,23,41,80,0.387235,0.407395,21,1.9
sphinx-doc__sphinx-12206,sphinx-doc/sphinx,Performance Issue,bug,1,189,161,1,,644,1458,4,112.601711,56.300856,4,4,18,18,24,175,0.53613,0.53613,9,4.6
prowler-cloud__prowler-6128,prowler-cloud/prowler,Bug Report,bug,1,2420,132,1,,3428,6173,4,70.107171,35.053585,4,4,83,83,164,1309,0.445106,0.445106,5,12.7
prowler-cloud__prowler-6119,prowler-cloud/prowler,Bug Report,bug,1,2420,115,1,,3428,6173,4,72.151928,36.075964,4,4,12,12,27,1313,0.487526,0.487526,5,12.8
prowler-cloud__prowler-6108,prowler-cloud/prowler,Bug Report,bug,1,2419,79,1,,3426,6168,4,42.614395,21.307197,4,4,14,14,38,1309,0.491459,0.491459,5,12.5
prowler-cloud__prowler-6004,prowler-cloud/prowler,Bug Report,bug,1,2418,131,1,,3424,6163,4,144.420091,72.210045,4,4,11,11,21,1308,0.499762,0.499762,5,13.1
prowler-cloud__prowler-5933,prowler-cloud/prowler,Performance Issue,bug,1,2418,149,1,,3423,6163,4,107.894093,53.947047,4,4,8,8,14,1308,0.578473,0.578473,5,12.7
prowler-cloud__prowler-5930,prowler-cloud/prowler,Bug Report,bug,1,2418,81,1,,3423,6163,4,37.346324,18.673162,4,4,33,33,62,1309,0.489799,0.489799,5,12.5
networkx__networkx-7729,networkx/networkx,Bug Report,bug,1,376,162,1,,662,1369,4,76.465206,38.232603,4,4,122,122,153,368,0.624579,0.624579,3,3.6
networkx__networkx-7721,networkx/networkx,Bug Report,bug,1,376,222,1,,662,1369,4,122.65835,61.329175,4,4,23,23,31,368,0.561004,0.561004,3,3.3
modin-project__modin-7189,modin-project/modin,Feature Request,feature,1,334,6,1,,443,1415,4,7.809548,3.904774,4,4,18,18,22,249,0.291803,0.324339,11,3.4
modin-project__modin-7059,modin-project/modin,Feature Request,feature,1,333,4,1,,444,1353,4,4.294853,2.147426,4,4,35,35,49,248,0.25458,0.268282,11,3.3
modin-project__modin-7052,modin-project/modin,Feature Request,feature,1,333,7,1,,444,1353,4,7.395018,3.697509,4,4,29,29,43,248,0.279687,0.308283,11,3.4
modin-project__modin-6995,modin-project/modin,Feature Request,feature,1,333,5,1,,440,1336,4,4.207684,2.103842,4,4,30,30,69,248,0.229318,0.254812,11,3.4
modin-project__modin-6980,modin-project/modin,Performance Issue,bug,1,329,128,1,,432,1319,4,72.098563,36.049282,4,4,42,42,55,244,0.311009,0.311009,11,3.2
modin-project__modin-6951,modin-project/modin,Performance Issue,bug,1,329,86,1,,432,1317,4,57.847875,28.923937,4,4,6,6,7,246,0.202182,0.202182,11,3.4
modin-project__modin-6912,modin-project/modin,Feature Request,feature,1,326,48,1,,429,1309,4,21.890132,10.945066,4,4,25,25,36,241,0.282106,0.31498,11,3.3
ansible__ansible-84275,ansible/ansible,Bug Report,bug,1,486,361,1,,1548,3678,4,312.449266,156.224633,4,4,9,9,11,393,0.456602,0.456602,10,12.9
sympy__sympy-27325,sympy/sympy,Feature Request,feature,1,869,46,1,,1561,16654,4,51.030584,25.515292,4,4,72,72,112,813,0.388661,0.42104,39,9.4
sympy__sympy-27288,sympy/sympy,Bug Report,bug,1,869,279,1,,1561,16648,4,472.888176,236.444088,1,1,1,1,1,816,0.474903,0.474903,39,9.4
sympy__sympy-27287,sympy/sympy,Bug Report,bug,1,869,72,1,,1561,16648,4,50.859046,25.429523,4,4,60,60,95,813,0.345636,0.345636,39,9.4
sympy__sympy-26358,sympy/sympy,Performance Issue,bug,1,900,287,1,,1589,16688,4,167.753627,83.876813,4,4,82,82,107,843,0.411768,0.411768,38,9.6
huggingface__transformers-34066,huggingface/transformers,Feature Request,feature,1,2169,88,1,,3222,20502,4,46.949268,23.474634,4,4,302,302,392,2090,0.450606,0.471324,9,20.8
huggingface__transformers-32652,huggingface/transformers,Feature Request,feature,1,2082,335,1,,3075,19341,4,167.201499,83.600749,4,4,220,220,325,2008,0.365578,0.389927,10,20.3
huggingface__transformers-32240,huggingface/transformers,Performance Issue,bug,1,2067,212,1,,3051,19175,4,108.768115,54.384058,4,4,225,225,288,1993,0.466915,0.466915,10,19.9
huggingface__transformers-31783,huggingface/transformers,Feature Request,feature,1,2066,577,1,,3050,19168,4,396.806064,198.403032,4,4,17,17,19,1992,0.393297,0.425649,10,21.0
huggingface__transformers-31566,huggingface/transformers,Feature Request,feature,1,2028,56,1,,2992,18724,4,41.522872,20.761436,4,4,80,80,94,1954,0.390448,0.41116,10,19.0
huggingface__transformers-29688,huggingface/transformers,Feature Request,feature,1,1979,157,1,,2968,18537,4,91.486634,45.743317,4,4,48,48,56,1909,0.342954,0.370719,9,19.2
huggingface__transformers-29511,huggingface/transformers,Feature Request,feature,1,1921,95,1,,2875,17779,4,85.773073,42.886537,4,4,12,12,13,1846,0.392675,0.401491,10,18.4
huggingface__transformers-28940,huggingface/transformers,Feature Request,feature,1,1923,165,1,,2877,17805,4,97.251459,48.62573,4,4,163,163,290,1848,0.349354,0.368815,10,18.6
iterative__dvc-10641,iterative/dvc,Bug Report,bug,1,257,136,1,,554,2181,4,70.388285,35.194142,4,4,34,34,51,241,0.417245,0.417245,15,2.4
matplotlib__matplotlib-29133,matplotlib/matplotlib,Feature Request,feature,1,774,85,1,,904,2543,4,61.544226,30.772113,4,4,52,52,62,747,0.356934,0.403795,9,9.7
jax-ml__jax-25787,jax-ml/jax,Feature Request,feature,1,559,256,1,,774,4410,4,159.247737,79.623869,4,4,30,30,47,460,0.461746,0.491401,21,5.8
jax-ml__jax-25511,jax-ml/jax,Bug Report,bug,1,552,94,1,,764,4365,4,86.924782,43.462391,4,4,33,33,47,455,0.504556,0.504556,21,5.4
jax-ml__jax-25239,jax-ml/jax,Bug Report,bug,1,548,139,1,,757,4339,4,85.171597,42.585798,4,4,22,22,37,453,0.416116,0.416116,21,5.5
jax-ml__jax-24823,jax-ml/jax,Bug Report,bug,1,544,1855,1,,750,4248,4,1002.27898,501.13949,4,4,24,24,42,449,0.431225,0.431225,20,6.2
jax-ml__jax-24814,jax-ml/jax,Bug Report,bug,1,543,169,1,,748,4236,4,91.535459,45.767729,4,4,45,45,61,448,0.437058,0.437058,20,5.5
jax-ml__jax-24492,jax-ml/jax,Feature Request,feature,1,540,211,1,,743,4212,4,96.028007,48.014003,4,4,69,69,78,445,0.429786,0.461666,21,5.4
jax-ml__jax-23020,jax-ml/jax,Feature Request,feature,1,519,109,1,,717,4086,4,63.920227,31.960113,4,4,30,30,36,424,0.41599,0.45394,23,5.2
jax-ml__jax-22897,jax-ml/jax,Feature Request,feature,1,512,126,1,,708,4059,4,102.845402,51.422701,4,4,67,67,104,422,0.423371,0.46234,23,5.0
jax-ml__jax-22049,jax-ml/jax,Feature Request,feature,1,520,112,1,,712,4054,4,76.151966,38.075983,4,4,42,42,55,431,0.432949,0.471078,24,5.0
jax-ml__jax-20862,jax-ml/jax,Performance Issue,bug,1,504,183,1,,680,3865,4,107.326808,53.663404,4,4,48,48,76,422,0.405532,0.405532,23,4.9
jax-ml__jax-19909,jax-ml/jax,Feature Request,feature,1,486,659,1,,657,3775,4,517.817574,258.908787,4,4,46,46,68,407,0.414801,0.449442,24,4.8
jax-ml__jax-19710,jax-ml/jax,Feature Request,feature,1,487,168,1,,658,3780,4,121.646408,60.823204,4,4,29,29,57,408,0.426196,0.45668,24,4.6
jax-ml__jax-19601,jax-ml/jax,Feature Request,feature,1,484,252,1,,654,3745,4,112.144753,56.072377,4,4,48,48,90,406,0.456128,0.481668,24,4.9
mlflow__mlflow-13888,mlflow/mlflow,Bug Report,bug,1,796,700,1,,1342,6491,4,362.067441,181.03372,4,4,118,118,178,700,0.429164,0.429164,21,16.1
mlflow__mlflow-13802,mlflow/mlflow,Bug Report,bug,1,791,757,1,,1333,6458,4,324.634043,162.317022,4,4,140,140,210,695,0.470609,0.470609,21,15.6
mlflow__mlflow-10923,mlflow/mlflow,Security Vulnerability,security,1,623,16,1,,1043,5019,4,11.841237,5.920619,4,4,12,57,3,543,0.493348,0.395417,22,9.6
sqlfluff__sqlfluff-6554,sqlfluff/sqlfluff,Feature Request,feature,1,256,434,1,,384,2085,4,280.261296,140.130648,4,4,12,12,17,241,0.384417,0.370328,32,7.2
sqlfluff__sqlfluff-6444,sqlfluff/sqlfluff,Bug Report,bug,1,249,265,1,,377,2037,4,119.294057,59.647028,4,4,44,44,58,235,0.377527,0.377527,33,7.1
sqlfluff__sqlfluff-6391,sqlfluff/sqlfluff,Feature Request,feature,1,244,367,1,,371,2018,4,162.863138,81.431569,4,4,18,18,33,230,0.317976,0.297536,33,7.0
sqlfluff__sqlfluff-6312,sqlfluff/sqlfluff,Feature Request,feature,1,244,138,1,,369,2011,4,77.847755,38.923877,4,4,12,12,18,231,0.382659,0.366001,33,6.8
sqlfluff__sqlfluff-5805,sqlfluff/sqlfluff,Feature Request,feature,1,234,100,1,,354,1884,4,67.637131,33.818566,4,4,9,9,11,219,0.414349,0.410736,32,6.0
ranaroussi__yfinance-2139,ranaroussi/yfinance,Bug Report,bug,1,35,370,1,,42,96,4,150.962754,75.481377,4,4,8,8,14,29,0.27629,0.27629,9,0.6
huggingface__diffusers-10189,huggingface/diffusers,Feature Request,feature,1,847,752,1,,1240,11123,4,257.219983,128.609991,4,4,387,387,409,813,0.458113,0.466535,26,9.4
huggingface__diffusers-9659,huggingface/diffusers,Feature Request,feature,1,761,101,1,,1109,9887,4,45.821496,22.910748,4,4,229,229,236,727,0.442179,0.451585,25,7.9
scrapy__scrapy-6542,scrapy/scrapy,Bug Report,bug,1,176,124,1,,349,1640,4,49.961006,24.980503,4,4,9,9,14,157,0.367129,0.367129,15,1.9
instructor-ai__instructor-1254,instructor-ai/instructor,Bug Report,bug,1,159,257,1,,261,386,4,128.028081,64.01404,4,4,19,19,23,139,0.446173,0.446173,5,2.4
prowler-cloud__prowler-6157,prowler-cloud/prowler,Bug Report,bug,1,2425,133,1,,3437,6193,4,51.011151,25.505575,4,4,96,96,267,1313,0.532104,0.532104,5,12.5
prowler-cloud__prowler-5961,prowler-cloud/prowler,Bug Report,bug,1,2418,83,1,,3423,6163,4,40.659709,20.329855,4,4,102,102,197,1308,0.615771,0.615771,5,12.3
prowler-cloud__prowler-5856,prowler-cloud/prowler,Bug Report,bug,1,2351,117,1,,3328,6093,4,76.66677,38.333385,4,4,38,38,70,1289,0.506011,0.506011,6,12.1
prowler-cloud__prowler-5814,prowler-cloud/prowler,Bug Report,bug,1,2345,173,1,,3319,6068,4,226.537213,113.268606,2,2,2,2,4,1287,0.526257,0.526257,6,12.1
prowler-cloud__prowler-5811,prowler-cloud/prowler,Bug Report,bug,1,2343,264,1,,3316,6061,4,160.686869,80.343434,4,4,46,46,84,1283,0.507988,0.507988,6,12.3
prowler-cloud__prowler-5653,prowler-cloud/prowler,Bug Report,bug,1,2316,350,1,,3279,6008,4,191.377502,95.688751,4,4,102,102,132,1272,0.46968,0.46968,6,12.4
vllm-project__vllm-11138,vllm-project/vllm,Feature Request,feature,1,617,156,1,,994,5142,4,95.160973,47.580486,4,4,25,25,32,548,0.340923,0.359869,20,5.4
vllm-project__vllm-11073,vllm-project/vllm,Bug Report,bug,1,615,668,1,,991,5113,4,440.318446,220.159223,4,4,16,16,16,548,0.311395,0.311395,20,5.7
vllm-project__vllm-10903,vllm-project/vllm,Bug Report,bug,1,605,1489,1,,981,5065,4,1678.853498,839.426749,1,1,1,1,1,539,0.28093,0.28093,20,5.7
vllm-project__vllm-10809,vllm-project/vllm,Performance Issue,bug,1,589,101,1,,961,5045,4,64.236243,32.118122,4,4,13,13,15,527,0.313704,0.313704,22,5.2
vllm-project__vllm-10778,vllm-project/vllm,Bug Report,bug,1,588,2915,1,,960,5040,4,1816.669616,908.334808,4,4,6,6,6,527,0.296599,0.296599,22,6.6
vllm-project__vllm-10620,vllm-project/vllm,Performance Issue,bug,1,581,1360,1,,947,4967,4,1593.311387,796.655694,1,1,1,1,1,522,0.280322,0.280322,23,5.6
vllm-project__vllm-10536,vllm-project/vllm,Bug Report,bug,1,578,1923,1,,939,4895,4,1644.477161,822.238581,2,2,2,2,2,520,0.277753,0.277753,23,6.0
vllm-project__vllm-10398,vllm-project/vllm,Bug Report,bug,1,574,7451,1,,932,4857,4,8472.526805,4236.263402,4,4,16,16,24,514,0.428899,0.428899,22,8.6
vllm-project__vllm-10347,vllm-project/vllm,Bug Report,bug,1,574,854,1,,932,4830,4,521.893963,260.946982,4,4,22,22,24,515,0.279098,0.279098,22,5.6
vllm-project__vllm-10076,vllm-project/vllm,Bug Report,bug,1,554,661,1,,891,4616,4,800.340702,400.170351,1,1,1,1,1,497,0.206673,0.206673,22,5.1
vllm-project__vllm-10012,vllm-project/vllm,Bug Report,bug,1,545,308,1,,884,4511,4,158.254433,79.127217,4,4,33,33,41,485,0.253335,0.253335,21,4.9
vllm-project__vllm-9974,vllm-project/vllm,Bug Report,bug,1,544,125,1,,883,4495,4,74.967718,37.483859,4,4,19,19,21,485,0.358704,0.358704,21,4.7
UKPLab__sentence-transformers-3126,UKPLab/sentence-transformers,Bug Report,bug,1,201,108,1,,226,830,4,83.926929,41.963465,4,4,12,12,13,193,0.327869,0.327869,18,1.5
UKPLab__sentence-transformers-3122,UKPLab/sentence-transformers,Bug Report,bug,1,201,224,1,,226,830,4,172.718396,86.359198,3,3,3,3,3,194,0.413038,0.413038,18,1.6
UKPLab__sentence-transformers-3110,UKPLab/sentence-transformers,Bug Report,bug,1,201,209,1,,226,830,4,60.218947,30.109474,4,4,16,16,17,195,0.27091,0.27091,18,1.6
UKPLab__sentence-transformers-3096,UKPLab/sentence-transformers,Bug Report,bug,1,202,404,1,,227,829,4,558.054586,279.027293,1,1,1,1,1,196,0.380105,0.380105,18,1.7
UKPLab__sentence-transformers-3076,UKPLab/sentence-transformers,Bug Report,bug,1,202,98,1,,225,822,4,96.453821,48.226911,4,4,4,4,5,193,0.411354,0.411354,18,1.7
UKPLab__sentence-transformers-3073,UKPLab/sentence-transformers,Bug Report,bug,1,202,100,1,,225,821,4,45.196521,22.59826,4,4,15,15,16,193,0.328237,0.328237,18,1.7
Chainlit__chainlit-1534,Chainlit/chainlit,Performance Issue,bug,1,101,237,1,,115,338,4,145.265186,72.632593,4,4,18,18,24,91,0.387148,0.387148,19,1.4
Zulko__moviepy-2253,Zulko/moviepy,Bug Report,bug,1,118,284,1,,138,319,4,94.75588,47.37794,4,4,6,6,13,106,0.409308,0.409308,12,2.4
yt-dlp__yt-dlp-11827,yt-dlp/yt-dlp,Bug Report,bug,1,1106,2861,1,,1151,3823,4,2638.374636,1319.187318,3,3,3,3,4,1095,0.574269,0.574269,3,7.7
yt-dlp__yt-dlp-11821,yt-dlp/yt-dlp,Bug Report,bug,1,1106,663,1,,1151,3823,4,493.578215,246.789107,3,3,3,3,3,1095,0.560765,0.560765,3,5.9
yt-dlp__yt-dlp-11819,yt-dlp/yt-dlp,Bug Report,bug,1,1106,658,1,,1151,3823,4,427.810276,213.905138,4,4,4,4,6,1094,0.567792,0.567792,3,5.8
yt-dlp__yt-dlp-11818,yt-dlp/yt-dlp,Bug Report,bug,1,1106,610,1,,1151,3823,4,453.990716,226.995358,4,4,6,6,6,1094,0.522409,0.522409,3,5.6
yt-dlp__yt-dlp-11782,yt-dlp/yt-dlp,Bug Report,bug,1,1106,669,1,,1151,3822,4,371.143177,185.571589,4,4,39,39,39,1094,0.491431,0.491431,3,5.7
yt-dlp__yt-dlp-11734,yt-dlp/yt-dlp,Feature Request,feature,1,1106,490,1,,1151,3822,4,234.91511,117.457555,4,4,10,10,12,1094,0.381175,0.430986,3,5.5
yt-dlp__yt-dlp-11711,yt-dlp/yt-dlp,Bug Report,bug,1,1106,467,1,,1151,3822,4,340.798988,170.399494,4,4,4,4,4,1094,0.570772,0.570772,3,5.5
yt-dlp__yt-dlp-11683,yt-dlp/yt-dlp,Bug Report,bug,1,1106,701,1,,1151,3822,4,469.233444,234.616722,4,4,6,6,6,1094,0.567754,0.567754,3,5.8
yt-dlp__yt-dlp-11667,yt-dlp/yt-dlp,Bug Report,bug,1,1106,595,1,,1151,3822,4,418.021528,209.010764,4,4,6,6,6,1094,0.558113,0.558113,3,5.7
yt-dlp__yt-dlp-11645,yt-dlp/yt-dlp,Bug Report,bug,1,1106,5010,1,,1151,3822,4,3748.288008,1874.144004,4,4,7,7,8,1094,0.561063,0.561063,3,8.5
yt-dlp__yt-dlp-11644,yt-dlp/yt-dlp,Bug Report,bug,1,1106,532,1,,1151,3822,4,344.842348,172.421174,4,4,6,6,6,1094,0.558113,0.558113,3,5.6
yt-dlp__yt-dlp-11636,yt-dlp/yt-dlp,Bug Report,bug,1,1106,595,1,,1151,3822,4,490.29085,245.145425,1,1,1,1,1,1097,0.510047,0.510047,3,5.5
yt-dlp__yt-dlp-11624,yt-dlp/yt-dlp,Feature Request,feature,1,1106,421,1,,1151,3822,4,393.168376,196.584188,1,1,1,1,1,1097,0.495658,0.510047,3,5.5
yt-dlp__yt-dlp-11615,yt-dlp/yt-dlp,Bug Report,bug,1,1106,932,1,,1151,3822,4,607.82437,303.912185,4,4,8,8,8,1094,0.522341,0.522341,3,5.8
yt-dlp__yt-dlp-11596,yt-dlp/yt-dlp,Bug Report,bug,1,1106,514,1,,1151,3822,4,370.263211,185.131605,4,4,5,5,5,1094,0.558115,0.558115,3,5.8
yt-dlp__yt-dlp-11555,yt-dlp/yt-dlp,Feature Request,feature,1,1106,349,1,,1151,3825,4,174.730359,87.36518,4,4,19,19,20,1094,0.422974,0.468719,3,5.3
yt-dlp__yt-dlp-11542,yt-dlp/yt-dlp,Bug Report,bug,1,1106,554,1,,1151,3825,4,384.420635,192.210318,4,4,10,10,10,1094,0.558357,0.558357,3,5.6
yt-dlp__yt-dlp-11534,yt-dlp/yt-dlp,Bug Report,bug,1,1106,455,1,,1151,3820,4,357.351204,178.675602,1,1,1,1,1,1097,0.510054,0.510054,3,5.5
yt-dlp__yt-dlp-11530,yt-dlp/yt-dlp,Bug Report,bug,1,1106,750,1,,1151,3825,4,435.527522,217.763761,4,4,10,10,10,1094,0.558357,0.558357,3,5.6
yt-dlp__yt-dlp-11527,yt-dlp/yt-dlp,Bug Report,bug,1,1106,752,1,,1151,3825,4,393.63566,196.81783,4,4,14,14,14,1094,0.539919,0.539919,3,5.7
yt-dlp__yt-dlp-11513,yt-dlp/yt-dlp,Bug Report,bug,1,1106,3980,1,,1151,3825,4,4696.14614,2348.07307,4,4,33,33,37,1094,0.543379,0.543379,3,7.3
yt-dlp__yt-dlp-11478,yt-dlp/yt-dlp,Bug Report,bug,1,1106,622,1,,1151,3823,4,458.607483,229.303742,3,3,3,3,3,1095,0.560739,0.560739,3,5.6
yt-dlp__yt-dlp-11472,yt-dlp/yt-dlp,Bug Report,bug,1,1105,499,1,,1150,3818,4,392.139581,196.069791,2,2,2,2,2,1095,0.543039,0.543039,3,5.6
yt-dlp__yt-dlp-11466,yt-dlp/yt-dlp,Bug Report,bug,1,1105,481,1,,1150,3818,4,390.886348,195.443174,1,1,1,1,1,1096,0.510086,0.510086,3,5.4
gaogaotiantian__viztracer-528,gaogaotiantian/viztracer,Bug Report,bug,1,33,85,1,,72,131,4,28.17485,14.087425,4,4,7,7,12,20,0.522725,0.522725,6,1.5
locustio__locust-2976,locustio/locust,Bug Report,bug,1,89,330,1,,122,467,4,165.257342,82.628671,4,4,11,11,16,80,0.270045,0.270045,15,1.1
ranaroussi__yfinance-2173,ranaroussi/yfinance,Feature Request,feature,1,37,40,1,,45,105,4,26.322414,13.161207,4,4,5,5,5,30,0.220823,0.219205,10,0.6
ranaroussi__yfinance-2122,ranaroussi/yfinance,Bug Report,bug,1,27,472,1,,34,87,4,241.555121,120.777561,4,4,4,4,7,21,0.209576,0.209576,9,0.5
scipy__scipy-22106,scipy/scipy,Bug Report,bug,1,654,740,1,,1033,2798,4,667.509044,333.754522,3,3,3,3,3,580,0.465275,0.465275,8,11.6
scipy__scipy-22103,scipy/scipy,Bug Report,bug,1,654,153,1,,1033,2798,4,184.315043,92.157521,4,4,11,11,14,579,0.461613,0.461613,8,11.0
scipy__scipy-22052,scipy/scipy,Bug Report,bug,1,653,278,1,,1032,2796,4,230.96186,115.48093,4,4,40,40,57,578,0.469857,0.469857,8,11.3
DS4SD__docling-528,DS4SD/docling,Bug Report,bug,1,54,129,1,,72,264,4,76.371285,38.185643,3,3,3,3,4,44,0.379886,0.379886,16,1.3
DS4SD__docling-472,DS4SD/docling,Bug Report,bug,1,53,364,1,,70,261,4,197.349262,98.674631,4,4,7,7,7,42,0.393527,0.393527,16,1.1
DS4SD__docling-442,DS4SD/docling,Bug Report,bug,1,52,70,1,,69,253,4,26.619752,13.309876,4,4,7,7,9,41,0.388973,0.388973,14,1.2
DS4SD__docling-322,DS4SD/docling,Bug Report,bug,1,50,432,1,,65,234,4,94.018922,47.009461,4,4,25,25,27,39,0.338233,0.338233,13,1.0
DS4SD__docling-307,DS4SD/docling,Bug Report,bug,1,49,39,1,,64,230,4,16.850084,8.425042,4,4,4,4,5,38,0.258956,0.258956,13,1.1
DS4SD__docling-302,DS4SD/docling,Bug Report,bug,1,49,157,1,,64,230,4,40.800515,20.400257,4,4,17,17,18,38,0.38423,0.38423,13,1.0
certbot__certbot-10043,certbot/certbot,Bug Report,bug,1,235,53,1,,361,1084,4,61.674073,30.837037,1,1,1,1,1,0,,,13,2.9
vitalik__django-ninja-1349,vitalik/django-ninja,Bug Report,bug,1,71,262,1,,169,565,4,72.603675,36.301838,4,4,18,18,48,57,0.155669,0.155669,13,1.1
pandas-dev__pandas-60577,pandas-dev/pandas,Bug Report,bug,1,378,509,1,,1498,7256,4,397.557428,198.778714,4,4,25,25,29,336,0.517368,0.517368,14,74.9
pandas-dev__pandas-60543,pandas-dev/pandas,Bug Report,bug,1,378,70,1,,1498,7255,4,66.33476,33.16738,4,4,22,22,23,336,0.517627,0.517627,14,74.6
pandas-dev__pandas-60526,pandas-dev/pandas,Feature Request,feature,1,378,89,1,,1498,7256,4,74.559083,37.279542,4,4,33,33,34,336,0.466683,0.493395,14,76.3
pandas-dev__pandas-60518,pandas-dev/pandas,Feature Request,feature,1,378,46,1,,1498,7256,4,47.29322,23.64661,4,4,11,11,11,336,0.500226,0.521797,14,68.7
pandas-dev__pandas-60512,pandas-dev/pandas,Bug Report,bug,1,378,69,1,,1498,7255,4,73.435353,36.717676,4,4,18,18,18,336,0.534599,0.534599,14,86.1
pandas-dev__pandas-60461,pandas-dev/pandas,Performance Issue,bug,1,378,355,1,,1498,7256,4,191.20114,95.60057,4,4,45,45,101,336,0.513535,0.513535,14,102.0
pandas-dev__pandas-60457,pandas-dev/pandas,Feature Request,feature,1,378,97,1,,1498,7256,4,95.834497,47.917249,4,4,38,38,43,336,0.505259,0.530498,14,110.2
pandas-dev__pandas-60415,pandas-dev/pandas,Feature Request,feature,1,378,52,1,,1498,7255,4,53.888714,26.944357,4,4,7,7,7,337,0.522286,0.539556,14,114.7
pandas-dev__pandas-60398,pandas-dev/pandas,Bug Report,bug,1,378,58,1,,1498,7254,4,58.987796,29.493898,4,4,6,6,6,337,0.538688,0.538688,14,117.1
pandas-dev__pandas-60310,pandas-dev/pandas,Bug Report,bug,1,378,135,1,,1498,7286,4,110.188585,55.094293,4,4,43,43,48,336,0.539891,0.539891,14,112.8
pandas-dev__pandas-60277,pandas-dev/pandas,Feature Request,feature,1,378,29,1,,1498,7281,4,37.785462,18.892731,4,4,19,19,23,336,0.523695,0.545872,14,124.1
pandas-dev__pandas-60247,pandas-dev/pandas,Feature Request,feature,1,378,72,1,,1498,7286,4,75.885749,37.942874,4,4,13,13,13,337,0.494693,0.51567,14,91.5
pandas-dev__pandas-60187,pandas-dev/pandas,Feature Request,feature,1,378,83,1,,1498,7306,4,85.401273,42.700636,4,4,15,15,15,336,0.505299,0.529,14,89.3
huggingface__accelerate-3279,huggingface/accelerate,Bug Report,bug,1,122,104,1,,165,734,4,47.448705,23.724353,4,4,30,30,38,97,0.256403,0.256403,21,1.2
huggingface__accelerate-3261,huggingface/accelerate,Bug Report,bug,1,122,266,1,,165,732,4,205.436731,102.718366,4,4,5,5,6,97,0.202134,0.202134,21,1.2
huggingface__trl-2433,huggingface/trl,Bug Report,bug,1,109,215,1,,148,530,4,65.051232,32.525616,4,4,27,27,30,87,0.301521,0.301521,13,0.9
huggingface__trl-2417,huggingface/trl,Bug Report,bug,1,109,441,1,,148,530,4,146.064382,73.032191,4,4,35,35,39,86,0.295729,0.295729,13,1.1
huggingface__trl-2332,huggingface/trl,Bug Report,bug,1,104,151,1,,142,502,4,124.002038,62.001019,4,4,18,18,18,83,0.266828,0.266828,13,1.0
huggingface__trl-2325,huggingface/trl,Bug Report,bug,1,104,98,1,,142,502,4,56.666417,28.333209,4,4,20,20,22,83,0.241539,0.241539,13,1.0
sympy__sympy-27301,sympy/sympy,Bug Report,bug,1,869,69,1,,1561,16652,4,43.155125,21.577563,4,4,22,22,30,814,0.426183,0.426183,39,9.4
SYSTRAN__faster-whisper-1198,SYSTRAN/faster-whisper,Performance Issue,bug,1,16,125,1,,20,29,4,31.591441,15.795721,4,4,4,4,4,11,0.098807,0.098807,7,0.7
SYSTRAN__faster-whisper-1157,SYSTRAN/faster-whisper,Bug Report,bug,1,16,132,1,,19,27,4,90.312581,45.15629,3,3,3,3,4,11,0.09714,0.09714,6,0.7
SYSTRAN__faster-whisper-1141,SYSTRAN/faster-whisper,Bug Report,bug,1,16,199,1,,19,27,4,59.165155,29.582577,3,3,3,3,4,11,0.098207,0.098207,6,0.6
mlflow__mlflow-13821,mlflow/mlflow,Bug Report,bug,1,795,1387,1,,1340,6481,4,1112.611352,556.305676,4,4,25,25,37,699,0.432081,0.432081,21,18.6
jax-ml__jax-25487,jax-ml/jax,Performance Issue,bug,1,552,254,1,,764,4366,4,88.877847,44.438924,4,4,84,84,138,456,0.430938,0.430938,21,6.2
jax-ml__jax-24733,jax-ml/jax,Bug Report,bug,1,542,546,1,,747,4229,4,238.884892,119.442446,4,4,133,133,180,447,0.436528,0.436528,21,6.6
jax-ml__jax-24717,jax-ml/jax,Performance Issue,bug,1,542,375,1,,747,4228,4,178.770039,89.385019,4,4,64,64,87,448,0.422664,0.422664,21,5.5
phidatahq__phidata-1589,phidatahq/phidata,Bug Report,bug,1,1297,40,1,,1298,4643,4,30.679635,15.339817,4,4,27,27,27,1121,0.33053,0.33053,12,5.1
phidatahq__phidata-1583,phidatahq/phidata,Bug Report,bug,1,1297,591,1,,1298,4643,4,336.273378,168.136689,4,4,22,22,22,1121,0.326419,0.326419,12,5.4
phidatahq__phidata-1582,phidatahq/phidata,Bug Report,bug,1,1297,420,1,,1298,4643,4,215.355128,107.677564,4,4,112,112,112,1121,0.458721,0.458721,12,5.3
phidatahq__phidata-1563,phidatahq/phidata,Bug Report,bug,1,1289,243,1,,1290,4603,4,122.552336,61.276168,4,4,98,98,98,1113,0.433278,0.433278,12,5.0
phidatahq__phidata-1562,phidatahq/phidata,Bug Report,bug,1,1289,107,1,,1290,4603,4,66.456438,33.228219,4,4,19,19,19,1113,0.44165,0.44165,12,5.0
nltk__nltk-3335,nltk/nltk,Bug Report,bug,1,297,48,1,,361,1185,4,66.356775,33.178388,4,4,4,4,5,279,0.353145,0.353145,13,2.1
kedro-org__kedro-4299,kedro-org/kedro,Bug Report,bug,1,96,29,1,,177,486,4,15.575404,7.787702,4,4,14,14,18,68,0.273868,0.273868,16,2.6
dask__dask-11608,dask/dask,Performance Issue,bug,1,131,42,1,,265,1347,4,24.681181,12.34059,4,4,11,11,16,122,0.255666,0.255666,27,2.0
dask__dask-11539,dask/dask,Bug Report,bug,1,131,106,1,,265,1330,4,74.403419,37.201709,4,4,5,5,11,123,0.236535,0.236535,26,2.0
dask__dask-11491,dask/dask,Bug Report,bug,1,131,145,1,,265,1312,4,70.180834,35.090417,4,4,36,36,46,122,0.338281,0.338281,26,2.0
feast-dev__feast-4727,feast-dev/feast,Bug Report,bug,1,383,109,1,,568,2342,4,41.713563,20.856782,4,4,22,22,43,241,0.240384,0.240384,17,5.0
python__mypy-18292,python/mypy,Bug Report,bug,1,315,422,1,,391,1718,4,225.101126,112.550563,4,4,32,32,43,235,0.310646,0.310646,20,4.3
albumentations-team__albumentations-2183,albumentations-team/albumentations,Feature Request,feature,1,54,26,1,,79,264,4,16.592338,8.296169,3,3,3,3,5,45,0.552303,0.560069,15,0.7
bridgecrewio__checkov-6826,bridgecrewio/checkov,Feature Request,feature,1,2463,58,1,,4495,10884,4,54.934289,27.467144,4,4,15,15,24,2051,0.541636,0.548302,4,24.2
spotify__luigi-3324,spotify/luigi,Bug Report,bug,1,122,611,1,,259,746,4,251.673965,125.836983,4,4,29,29,42,111,0.341729,0.341729,10,1.5
robotframework__robotframework-5265,robotframework/robotframework,Bug Report,bug,1,607,169,1,,713,2029,4,221.969872,110.984936,4,4,7,7,11,344,0.427467,0.427467,16,5.1
ShishirPatil__gorilla-754,ShishirPatil/gorilla,Bug Report,bug,1,173,143,1,,179,201,4,125.892471,62.946236,4,4,7,7,7,52,0.278309,0.278309,5,6.7
Netflix__metaflow-2141,Netflix/metaflow,Bug Report,bug,1,323,73,1,,417,1292,4,50.903214,25.451607,4,4,37,37,37,289,0.34882,0.34882,11,6.2
ray-project__ray-49071,ray-project/ray,Bug Report,bug,1,2277,112,1,,3407,11023,4,90.12974,45.06487,4,4,120,120,138,1589,0.510604,0.510604,12,60.1
ray-project__ray-48891,ray-project/ray,Bug Report,bug,1,2269,269,1,,3397,11015,4,196.723172,98.361586,4,4,23,23,61,1582,0.408936,0.408936,12,72.7
ray-project__ray-48793,ray-project/ray,Bug Report,bug,1,2269,84,1,,3397,11015,4,65.271616,32.635808,4,4,9,9,17,1584,0.440564,0.440564,12,46.8
ray-project__ray-48790,ray-project/ray,Bug Report,bug,1,2270,75,1,,3395,10995,4,59.060838,29.530419,4,4,151,151,234,1583,0.41109,0.41109,12,22.3
ray-project__ray-48786,ray-project/ray,Bug Report,bug,1,2269,188,1,,3397,11015,4,191.245472,95.622736,4,4,8,8,18,1582,0.426377,0.426377,12,34.4
ray-project__ray-48756,ray-project/ray,Bug Report,bug,1,2270,111,1,,3395,10995,4,114.065697,57.032849,4,4,12,12,17,1584,0.301782,0.301782,12,50.3
optuna__optuna-5828,optuna/optuna,Bug Report,bug,1,242,174,1,,363,1737,4,158.150754,79.075377,3,3,3,3,4,221,0.396036,0.396036,15,3.9
BerriAI__litellm-6915,BerriAI/litellm,Bug Report,bug,1,545,37,1,,885,3189,4,30.051659,15.025829,4,4,23,23,34,409,0.407301,0.407301,8,13.3
matplotlib__matplotlib-29265,matplotlib/matplotlib,Feature Request,feature,1,775,36,1,,905,2546,4,20.822514,10.411257,4,4,91,91,107,748,0.445832,0.474657,9,21.4
matplotlib__matplotlib-29254,matplotlib/matplotlib,Bug Report,bug,1,775,269,1,,905,2546,4,209.689685,104.844842,4,4,24,24,32,748,0.509872,0.509872,9,20.9
matplotlib__matplotlib-29236,matplotlib/matplotlib,Bug Report,bug,1,774,211,1,,904,2542,4,155.275338,77.637669,4,4,30,30,36,747,0.477416,0.477416,9,20.9
tobymao__sqlglot-4526,tobymao/sqlglot,Bug Report,bug,1,76,192,1,,122,570,4,85.538009,42.769005,4,4,14,14,24,69,0.451701,0.451701,21,3.6
tobymao__sqlglot-4369,tobymao/sqlglot,Bug Report,bug,1,76,115,1,,122,567,4,45.744909,22.872455,4,4,17,17,29,70,0.509528,0.509528,21,3.5
flet-dev__flet-4554,flet-dev/flet,Bug Report,bug,1,278,274,1,,304,206,4,179.871876,89.935938,4,4,5,5,5,90,0.631503,0.631503,3,5.2
flet-dev__flet-4452,flet-dev/flet,Bug Report,bug,1,278,130,1,,304,206,4,61.301588,30.650794,4,4,15,15,15,88,0.587643,0.587643,3,5.1
flet-dev__flet-4425,flet-dev/flet,Bug Report,bug,1,279,488,1,,305,207,4,251.847207,125.923604,4,4,13,13,13,89,0.542305,0.542305,3,5.3
flet-dev__flet-4388,flet-dev/flet,Feature Request,feature,1,274,161,1,,300,207,4,135.65024,67.82512,1,1,1,1,1,92,0.601683,0.613243,3,5.1
flet-dev__flet-4384,flet-dev/flet,Bug Report,bug,1,274,222,1,,300,207,4,91.983355,45.991678,4,4,63,63,64,90,0.55404,0.55404,3,5.1
flet-dev__flet-4373,flet-dev/flet,Bug Report,bug,1,274,607,1,,300,207,4,225.564523,112.782262,4,4,18,18,18,90,0.602928,0.602928,3,5.3
flet-dev__flet-4340,flet-dev/flet,Bug Report,bug,1,274,633,1,,300,207,4,310.160943,155.080472,4,4,67,67,67,90,0.508071,0.508071,3,5.6
flet-dev__flet-4314,flet-dev/flet,Bug Report,bug,1,273,259,1,,299,208,4,146.780334,73.390167,4,4,50,50,50,91,0.456232,0.456232,3,5.1
explodinggradients__ragas-1627,explodinggradients/ragas,Feature Request,feature,1,83,61,1,,108,404,4,26.964067,13.482034,4,4,8,8,9,75,0.316658,0.335117,14,1.9
scikit-learn__scikit-learn-30241,scikit-learn/scikit-learn,Bug Report,bug,1,631,67,1,,931,6913,4,41.273671,20.636836,4,4,44,44,120,589,0.347428,0.347428,39,31.1
Lightning-AI__pytorch-lightning-20484,Lightning-AI/pytorch-lightning,Bug Report,bug,1,310,141,1,,632,3529,4,55.063505,27.531752,4,4,70,70,102,287,0.273675,0.273675,24,8.6
Lightning-AI__pytorch-lightning-20420,Lightning-AI/pytorch-lightning,Bug Report,bug,1,308,540,1,,630,3513,4,226.623861,113.311931,4,4,15,15,18,285,0.377809,0.377809,24,8.3
Lightning-AI__pytorch-lightning-20401,Lightning-AI/pytorch-lightning,Feature Request,feature,1,308,119,1,,630,3514,4,86.734183,43.367091,3,3,3,3,5,286,0.260788,0.281128,24,7.9
kornia__kornia-3084,kornia/kornia,Bug Report,bug,1,484,180,1,,711,2966,4,81.037415,40.518707,4,4,59,59,76,474,0.46419,0.46419,11,7.5
wandb__wandb-9011,wandb/wandb,Bug Report,bug,1,957,67,1,,1236,3039,4,48.772756,24.386378,4,4,10,10,11,656,0.473817,0.473817,9,29.9
wandb__wandb-8931,wandb/wandb,Bug Report,bug,1,957,53,1,,1236,3039,4,74.584123,37.292062,1,1,1,1,1,659,0.516889,0.516889,9,29.5
speechbrain__speechbrain-2760,speechbrain/speechbrain,Bug Report,bug,1,467,66,1,,559,1457,4,55.539647,27.769823,4,4,10,10,10,411,0.467055,0.467055,9,10.6
speechbrain__speechbrain-2742,speechbrain/speechbrain,Bug Report,bug,1,467,87,1,,559,1457,4,39.050758,19.525379,4,4,77,77,83,411,0.430934,0.430934,9,10.9
mesonbuild__meson-13881,mesonbuild/meson,Bug Report,bug,1,515,267,1,,523,1815,4,204.566327,102.283164,4,4,32,32,32,247,0.470389,0.470389,14,23.5
ultralytics__ultralytics-18212,ultralytics/ultralytics,Bug Report,bug,1,152,1055,1,,161,681,4,578.236916,289.118458,4,4,23,23,24,140,0.331808,0.331808,15,4.3
ultralytics__ultralytics-17872,ultralytics/ultralytics,Bug Report,bug,1,152,772,1,,161,681,4,340.277368,170.138684,4,4,13,13,16,140,0.413255,0.413255,15,4.1
ultralytics__ultralytics-17728,ultralytics/ultralytics,Performance Issue,bug,1,151,181,1,,160,677,4,62.600133,31.300067,4,4,40,40,42,139,0.336484,0.336484,15,4.0
ultralytics__ultralytics-17544,ultralytics/ultralytics,Bug Report,bug,1,151,585,1,,160,677,4,319.218535,159.609268,4,4,24,24,25,139,0.252823,0.252823,15,4.0
ultralytics__ultralytics-17499,ultralytics/ultralytics,Bug Report,bug,1,150,239,1,,159,673,4,116.673024,58.336512,4,4,18,18,20,138,0.19981,0.19981,15,3.9
huggingface__diffusers-10269,huggingface/diffusers,Feature Request,feature,1,845,41,1,,1236,11066,4,19.462529,9.731265,4,4,292,292,309,811,0.418715,0.429726,26,18.6
huggingface__diffusers-10262,huggingface/diffusers,Feature Request,feature,1,842,71,1,,1232,11043,4,32.914019,16.45701,4,4,427,427,518,808,0.430937,0.441274,26,19.1
huggingface__diffusers-10185,huggingface/diffusers,Bug Report,bug,1,815,36,1,,1190,10621,4,22.28151,11.140755,4,4,11,11,11,781,0.465059,0.465059,26,18.5
huggingface__diffusers-10182,huggingface/diffusers,Bug Report,bug,1,815,463,1,,1190,10621,4,289.419326,144.709663,4,4,166,166,178,781,0.43269,0.43269,26,18.6
huggingface__diffusers-10176,huggingface/diffusers,Bug Report,bug,1,815,90,1,,1190,10621,4,65.198022,32.599011,4,4,19,19,22,781,0.458528,0.458528,26,18.5
huggingface__diffusers-10170,huggingface/diffusers,Performance Issue,bug,1,813,220,1,,1187,10558,4,79.097472,39.548736,4,4,341,341,342,779,0.423367,0.423367,26,18.1
huggingface__diffusers-10115,huggingface/diffusers,Bug Report,bug,1,810,62,1,,1183,10524,4,29.986063,14.993032,4,4,162,162,176,776,0.416413,0.416413,25,17.8
huggingface__diffusers-10086,huggingface/diffusers,Bug Report,bug,1,809,240,1,,1174,10463,4,103.045955,51.522978,4,4,370,370,513,775,0.449765,0.449765,25,18.7
huggingface__diffusers-10067,huggingface/diffusers,Bug Report,bug,1,809,192,1,,1174,10463,4,100.921106,50.460553,4,4,276,276,335,775,0.466969,0.466969,25,18.8
huggingface__diffusers-9978,huggingface/diffusers,Bug Report,bug,1,802,300,1,,1163,10320,4,146.069141,73.034571,4,4,194,194,232,768,0.420417,0.420417,25,19.0
huggingface__diffusers-9885,huggingface/diffusers,Bug Report,bug,1,797,87,1,,1157,10283,4,43.95805,21.979025,4,4,60,60,64,763,0.385681,0.385681,26,18.7
fortra__impacket-1860,fortra/impacket,Feature Request,feature,1,217,139,1,,301,1365,4,92.812591,46.406295,4,4,36,36,39,201,0.24345,0.270293,23,5.2
fortra__impacket-1858,fortra/impacket,Bug Report,bug,1,217,448,1,,301,1365,4,244.13266,122.06633,4,4,85,85,137,201,0.270383,0.270383,23,2.9
modin-project__modin-7400,modin-project/modin,Performance Issue,bug,1,289,55,1,,401,1310,4,24.58656,12.29328,4,4,40,40,59,216,0.420089,0.420089,12,7.8
ccxt__ccxt-24388,ccxt/ccxt,Bug Report,bug,1,946,247,1,,1091,2890,4,160.521806,80.260903,4,4,184,184,187,872,0.51922,0.51922,4,34.5
Qiskit__qiskit-13554,Qiskit/qiskit,Bug Report,bug,1,818,25,1,,1286,10235,4,32.548225,16.274113,4,4,10,10,11,797,0.266747,0.266747,27,19.9
Qiskit__qiskit-13552,Qiskit/qiskit,Bug Report,bug,1,818,25,1,,1286,10219,4,32.191065,16.095533,4,4,10,10,11,796,0.266683,0.266683,27,21.1
aio-libs__aiohttp-9767,aio-libs/aiohttp,Performance Issue,bug,1,75,47,1,,143,547,4,19.892449,9.946225,4,4,16,16,24,63,0.349871,0.349871,25,2.3
aio-libs__aiohttp-9766,aio-libs/aiohttp,Performance Issue,bug,1,69,47,1,,137,525,4,19.641092,9.820546,4,4,17,17,25,57,0.355236,0.355236,25,2.2
aio-libs__aiohttp-9762,aio-libs/aiohttp,Performance Issue,bug,1,74,47,1,,143,592,4,20.002641,10.00132,4,4,15,15,24,62,0.34234,0.34234,21,2.6
langchain-ai__langgraph-2735,langchain-ai/langgraph,Bug Report,bug,1,132,448,1,,199,101,4,225.73969,112.869845,4,4,24,24,32,8,0.272727,0.272727,3,6.2
langchain-ai__langgraph-2724,langchain-ai/langgraph,Bug Report,bug,1,132,527,1,,196,92,4,237.705991,118.852996,4,4,19,19,23,11,0.393985,0.393985,3,6.1
langchain-ai__langgraph-2571,langchain-ai/langgraph,Bug Report,bug,1,128,634,1,,192,88,4,387.68117,193.840585,4,4,20,20,26,0,,,3,3.1
sktime__sktime-7417,sktime/sktime,Bug Report,bug,1,867,65,1,,1251,4929,4,45.451366,22.725683,4,4,102,102,132,793,0.307125,0.307125,15,6.8
numpy__numpy-27598,numpy/numpy,Feature Request,feature,1,307,62,1,,572,1485,4,39.503101,19.751551,4,4,50,50,52,255,0.406604,0.423755,9,5.8
numpy__numpy-27595,numpy/numpy,Feature Request,feature,1,307,116,1,,572,1485,4,67.420745,33.710372,4,4,56,56,78,255,0.437688,0.464032,9,5.7
vllm-project__vllm-11275,vllm-project/vllm,Performance Issue,bug,1,628,1383,1,,1008,5192,4,1106.973208,553.486604,4,4,8,8,10,559,0.306466,0.306466,20,7.2
vllm-project__vllm-9617,vllm-project/vllm,Feature Request,feature,1,534,23,1,,864,4337,4,25.578688,12.789344,4,4,7,7,10,475,0.373395,0.380316,21,5.2
mlflow__mlflow-13390,mlflow/mlflow,Performance Issue,bug,1,773,89,1,,1309,6302,4,75.530418,37.765209,4,4,19,19,31,681,0.473026,0.473026,21,21.1
huggingface__transformers-34507,huggingface/transformers,Feature Request,feature,1,2201,93,1,,3266,20824,4,70.704677,35.352339,4,4,103,103,118,2119,0.385025,0.412611,10,21.7
huggingface__transformers-34279,huggingface/transformers,Feature Request,feature,1,2190,52,1,,3250,20703,4,92.826727,46.413363,4,4,4,4,4,2108,0.39498,0.429702,10,46.0
huggingface__transformers-34208,huggingface/transformers,Feature Request,feature,1,2190,89,1,,3250,20710,4,84.378084,42.189042,4,4,18,18,23,2108,0.353096,0.393588,10,29.2
django__django-18654,django/django,Feature Request,feature,1,875,131,1,,2790,10806,4,98.499738,49.249869,4,4,21,21,38,638,0.439213,0.476409,11,35.6
huggingface__diffusers-9815,huggingface/diffusers,Feature Request,feature,1,784,287,1,,1141,10165,4,85.213702,42.606851,4,4,411,411,417,750,0.400757,0.41861,27,18.3
huggingface__diffusers-9606,huggingface/diffusers,Feature Request,feature,1,762,287,1,,1110,9927,4,86.048534,43.024267,4,4,396,396,399,728,0.402275,0.420411,25,18.6
huggingface__diffusers-9583,huggingface/diffusers,Feature Request,feature,1,753,287,1,,1097,9748,4,85.961682,42.980841,4,4,390,390,393,719,0.397448,0.415653,27,17.6
huggingface__diffusers-9579,huggingface/diffusers,Feature Request,feature,1,809,287,1,,1174,10465,4,85.368842,42.684421,4,4,420,420,426,775,0.406035,0.423513,25,18.2
sktime__sktime-7221,sktime/sktime,Performance Issue,bug,1,828,92,1,,1208,4855,4,89.840516,44.920258,4,4,6,6,6,756,0.229929,0.229929,15,13.4
