instance_id,gold,rank_bm25,rank_search_v02,ppr_rank_v02,walk_dist_v01,entry_v02,entry_v01,reason_v02
Agenta-AI__agenta-1639,agenta-backend/agenta_backend/models/converters.py,38,39,9,1,0,0,strong text match (lexical score 18.8)
Agenta-AI__agenta-1639,agenta-backend/agenta_backend/routers/configs_router.py,2,3,,,1,0,entry point (lexical score 31.7)
Agenta-AI__agenta-1639,agenta-backend/agenta_backend/services/db_manager.py,1,1,,,1,1,entry point (lexical score 36.5)
AzureAD__microsoft-authentication-library-for-python-407,msal/application.py,2,2,,2,1,0,entry point (lexical score 115.5)
AzureAD__microsoft-authentication-library-for-python-454,msal/application.py,1,1,,2,1,0,entry point (lexical score 14.5)
AzureAD__microsoft-authentication-library-for-python-454,msal/authority.py,12,15,5,,0,0,strong text match (lexical score 7.9)
AzureAD__microsoft-authentication-library-for-python-454,msal/oauth2cli/assertion.py,18,14,16,,0,1,strong text match (lexical score 8.1)
AzureAD__microsoft-authentication-library-for-python-454,msal/oauth2cli/oauth2.py,16,10,2,,0,0,strong text match (lexical score 9.3)
Bears-R-Us__arkouda-1969,arkouda/dataframe.py,2,2,,,1,1,entry point (lexical score 86.0)
Bears-R-Us__arkouda-1969,arkouda/io.py,1,1,,,1,1,entry point (lexical score 106.3)
BerriAI__litellm-6563,litellm/integrations/langfuse/langfuse.py,5,3,,,1,0,entry point (lexical score 256.5)
BerriAI__litellm-6915,litellm/llms/fireworks_ai/chat/fireworks_ai_transformation.py,1,1,,,1,1,entry point (lexical score 30.1)
CWorthy-ocean__roms-tools-227,roms_tools/setup/datasets.py,1,1,,,1,1,entry point (lexical score 132.7)
CWorthy-ocean__roms-tools-227,roms_tools/setup/surface_forcing.py,3,3,,1,1,0,entry point (lexical score 114.7)
CWorthy-ocean__roms-tools-227,roms_tools/setup/utils.py,4,4,,,1,1,entry point (lexical score 114.7)
Chainlit__chainlit-1441,backend/chainlit/server.py,3,3,,,1,1,entry point (lexical score 10.6)
Chainlit__chainlit-1534,backend/chainlit/data/__init__.py,1,1,,,1,1,entry point (lexical score 145.3)
Chainlit__chainlit-1575,backend/chainlit/config.py,2,2,1,,0,0,graph neighbour of the entry points (PPR 0.067)
Chainlit__chainlit-1575,backend/chainlit/server.py,1,1,,,1,1,entry point (lexical score 13.8)
Chainlit__chainlit-1575,backend/chainlit/socket.py,8,8,2,1,0,0,graph neighbour of the entry points (PPR 0.072)
CrossGL__crosstl-229,crosstl/translator/lexer.py,4,3,,,1,0,entry point (lexical score 42.7)
DS4SD__docling-302,docling/backend/html_backend.py,4,3,,,1,1,entry point (lexical score 33.1)
DS4SD__docling-307,docling/backend/mspowerpoint_backend.py,3,2,,,1,1,entry point (lexical score 13.0)
DS4SD__docling-314,docling/backend/msword_backend.py,5,6,34,1,0,0,strong text match (lexical score 29.1)
DS4SD__docling-322,docling/models/ds_glm_model.py,3,1,,,1,1,entry point (lexical score 94.0)
DS4SD__docling-330,docling/backend/msword_backend.py,2,2,,1,1,0,entry point (lexical score 34.2)
DS4SD__docling-442,docling/backend/msword_backend.py,3,3,,1,1,0,entry point (lexical score 20.7)
DS4SD__docling-472,docling/models/tesseract_ocr_cli_model.py,1,1,,,1,1,entry point (lexical score 197.3)
DS4SD__docling-528,docling/backend/msword_backend.py,3,2,,,1,0,entry point (lexical score 42.1)
Delgan__loguru-1239,loguru/_better_exceptions.py,2,2,,,1,0,entry point (lexical score 23.7)
Deltares__imod-python-1159,imod/mf6/simulation.py,6,9,8,,0,0,strong text match (lexical score 58.8)
Deltares__imod-python-1159,imod/schemata.py,9,10,2,,0,1,strong text match (lexical score 57.9)
Deltares__imod-python-1159,imod/typing/grid.py,36,45,5,1,0,0,strong text match (lexical score 38.6)
Happy-Algorithms-League__hal-cgp-180,cgp/genome.py,3,3,,1,1,0,entry point (lexical score 14.0)
Happy-Algorithms-League__hal-cgp-180,cgp/population.py,2,2,,2,1,0,entry point (lexical score 15.8)
Innopoints__backend-124,innopoints/blueprints.py,5,5,15,,0,0,graph neighbour of the entry points (PPR 0.018)
Innopoints__backend-124,innopoints/core/helpers.py,9,9,2,,0,0,graph neighbour of the entry points (PPR 0.059)
Innopoints__backend-124,innopoints/schemas/account.py,27,27,24,,0,0,graph neighbour of the entry points (PPR 0.009)
Innopoints__backend-124,innopoints/views/account.py,35,35,3,,0,0,graph neighbour of the entry points (PPR 0.045)
Innopoints__backend-124,innopoints/views/authentication.py,38,38,27,,0,0,
JackPlowman__repo_standards_validator-137,validator/__main__.py,5,5,1,1,0,0,graph neighbour of the entry points (PPR 0.267)
JackPlowman__repo_standards_validator-137,validator/repository_checks.py,2,2,,,1,0,entry point (lexical score 2.3)
JoinMarket-Org__joinmarket-clientserver-1180,jmclient/jmclient/blockchaininterface.py,6,2,,,1,1,entry point (lexical score 65.9)
JoinMarket-Org__joinmarket-clientserver-1180,jmclient/jmclient/wallet_service.py,1,1,,,1,1,entry point (lexical score 77.4)
Lightning-AI__pytorch-lightning-20401,src/lightning/pytorch/cli.py,1,1,,,1,1,entry point (lexical score 86.7)
Lightning-AI__pytorch-lightning-20403,src/lightning/pytorch/trainer/connectors/checkpoint_connector.py,4,5,13,,0,0,strong text match (lexical score 17.0)
Lightning-AI__pytorch-lightning-20420,examples/fabric/build_your_own_trainer/run.py,12,7,14,,0,0,strong text match (lexical score 131.5)
Lightning-AI__pytorch-lightning-20484,src/lightning/pytorch/loops/prediction_loop.py,2,2,,,1,1,entry point (lexical score 51.7)
NCSU-High-Powered-Rocketry-Club__AirbrakesV2-151,airbrakes/airbrakes.py,3,5,4,1,0,0,strong text match (lexical score 30.6)
NCSU-High-Powered-Rocketry-Club__AirbrakesV2-151,airbrakes/hardware/base_imu.py,16,16,9,2,0,0,graph neighbour of the entry points (PPR 0.022)
NCSU-High-Powered-Rocketry-Club__AirbrakesV2-151,airbrakes/telemetry/logger.py,1,1,,,1,1,entry point (lexical score 47.7)
NCSU-High-Powered-Rocketry-Club__AirbrakesV2-151,airbrakes/telemetry/packets/logger_data_packet.py,10,13,7,1,0,0,graph neighbour of the entry points (PPR 0.024)
NCSU-High-Powered-Rocketry-Club__AirbrakesV2-151,airbrakes/utils.py,21,19,5,1,0,0,graph neighbour of the entry points (PPR 0.034)
NVIDIA__NeMo-9100,nemo/collections/asr/parts/submodules/ctc_decoding.py,8,4,,,1,0,entry point (lexical score 148.5)
NVIDIA__NeMo-9100,nemo/collections/asr/parts/submodules/ctc_greedy_decoding.py,12,8,15,,0,0,strong text match (lexical score 147.8)
NatLibFi__Annif-610,annif/project.py,3,4,,1,1,0,entry point (lexical score 35.2)
NatLibFi__Annif-610,annif/registry.py,2,2,,1,1,0,entry point (lexical score 49.5)
NatLibFi__Annif-610,annif/vocab.py,1,1,,,1,1,entry point (lexical score 62.5)
Netflix__metaflow-2141,metaflow/cli.py,10,13,12,2,0,0,strong text match (lexical score 35.7)
Open-MSS__MSS-1967,mslib/msui/mscolab.py,17,20,10,,0,0,strong text match (lexical score 45.2)
Open-MSS__MSS-1967,mslib/msui/socket_control.py,80,91,83,,0,0,
Open-MSS__MSS-1967,mslib/utils/airdata.py,22,22,68,,0,0,strong text match (lexical score 41.7)
OpenEnergyPlatform__open-MaStR-598,open_mastr/xml_download/utils_write_to_database.py,1,1,,,1,1,entry point (lexical score 33.9)
Ouranosinc__xclim-477,xclim/sdba/adjustment.py,1,1,,,1,1,entry point (lexical score 49.1)
Ouranosinc__xclim-477,xclim/sdba/base.py,8,7,1,1,0,0,graph neighbour of the entry points (PPR 0.083)
Ouranosinc__xclim-477,xclim/sdba/detrending.py,12,14,5,1,0,0,graph neighbour of the entry points (PPR 0.052)
Ouranosinc__xclim-477,xclim/sdba/processing.py,6,6,4,1,0,0,strong text match (lexical score 25.9)
Ouranosinc__xclim-477,xclim/sdba/utils.py,3,2,,,1,1,entry point (lexical score 36.4)
PlasmaPy__PlasmaPy-2542,plasmapy/formulary/lengths.py,1,1,,,1,1,entry point (lexical score 52.7)
PrefectHQ__prefect-12019,src/prefect/_internal/concurrency/calls.py,17,18,33,2,0,0,strong text match (lexical score 147.6)
PrefectHQ__prefect-12019,src/prefect/_internal/concurrency/cancellation.py,66,56,59,2,0,0,
PrefectHQ__prefect-12045,src/prefect/utilities/dockerutils.py,2,2,,,1,1,entry point (lexical score 583.8)
PrefectHQ__prefect-12410,src/prefect/cli/deploy.py,1,1,,,1,1,entry point (lexical score 56.7)
PrefectHQ__prefect-13259,src/prefect/client/orchestration.py,8,8,3,,0,0,strong text match (lexical score 125.5)
PrefectHQ__prefect-13366,src/prefect/cli/deployment.py,9,7,14,,0,0,strong text match (lexical score 18.3)
PrefectHQ__prefect-13367,src/prefect/cli/deployment.py,8,4,,,1,0,entry point (lexical score 18.6)
PrefectHQ__prefect-13756,src/prefect/tasks.py,1,1,,,1,1,entry point (lexical score 58.8)
PrefectHQ__prefect-14259,src/integrations/prefect-sqlalchemy/prefect_sqlalchemy/database.py,2,2,,,1,1,entry point (lexical score 44.7)
PrefectHQ__prefect-14608,src/prefect/futures.py,2,2,,,1,1,entry point (lexical score 28.6)
PrefectHQ__prefect-14693,src/integrations/prefect-docker/prefect_docker/worker.py,1,1,,,1,1,entry point (lexical score 54.8)
PrefectHQ__prefect-15468,src/prefect/cli/deploy.py,1,1,,,1,1,entry point (lexical score 76.7)
PrefectHQ__prefect-15909,src/integrations/prefect-dask/prefect_dask/task_runners.py,1,1,,,1,1,entry point (lexical score 293.6)
PrefectHQ__prefect-16117,src/prefect/flows.py,1,1,,1,1,0,entry point (lexical score 92.1)
PrefectHQ__prefect-16145,src/prefect/task_engine.py,4,8,20,1,0,0,strong text match (lexical score 361.7)
PrefectHQ__prefect-16328,src/prefect/task_engine.py,22,17,37,1,0,0,strong text match (lexical score 53.2)
PrefectHQ__prefect-16369,src/prefect/tasks.py,2,2,,1,1,0,entry point (lexical score 106.2)
Project-MONAI__MONAI-8123,monai/networks/nets/segresnet_ds.py,67,71,20,1,0,0,graph neighbour of the entry points (PPR 0.007)
Project-MONAI__MONAI-8123,monai/networks/nets/vista3d.py,5,3,,,1,1,entry point (lexical score 54.7)
Qiskit__qiskit-12214,qiskit/transpiler/preset_passmanagers/__init__.py,2,2,,,1,1,entry point (lexical score 37.2)
Qiskit__qiskit-13052,qiskit/__init__.py,,,168,,0,0,
Qiskit__qiskit-13052,qiskit/transpiler/passes/utils/filter_op_nodes.py,2,2,,,1,1,entry point (lexical score 11.9)
Qiskit__qiskit-13141,qiskit/__init__.py,,,243,,0,0,central member of subsystem /subsystems/quantumcircuit.md
Qiskit__qiskit-13141,qiskit/transpiler/passes/synthesis/unitary_synthesis.py,5,5,4,,0,0,strong text match (lexical score 33.2)
Qiskit__qiskit-13436,qiskit/quantum_info/states/statevector.py,1,1,,,1,1,entry point (lexical score 35.9)
Qiskit__qiskit-13552,qiskit/circuit/parameterexpression.py,1,1,,,1,1,entry point (lexical score 32.2)
Qiskit__qiskit-13554,qiskit/circuit/parameterexpression.py,1,1,,,1,1,entry point (lexical score 32.5)
SYSTRAN__faster-whisper-1141,faster_whisper/transcribe.py,1,1,,,1,1,entry point (lexical score 59.2)
SYSTRAN__faster-whisper-1157,faster_whisper/transcribe.py,1,1,,,1,1,entry point (lexical score 90.3)
SYSTRAN__faster-whisper-1198,faster_whisper/vad.py,4,4,,,1,1,entry point (lexical score 20.9)
ShishirPatil__gorilla-754,berkeley-function-call-leaderboard/bfcl/model_handler/oss_model/base_oss_handler.py,1,1,,,1,1,entry point (lexical score 125.9)
Standard-Labs__real-intent-102,real_intent/deliver/followupboss/vanilla.py,21,21,,,0,0,
Standard-Labs__real-intent-102,real_intent/deliver/kvcore/__init__.py,22,22,,,0,0,
Standard-Labs__real-intent-27,bigdbm/validate/email.py,1,1,,,1,1,entry point (lexical score 14.8)
Standard-Labs__real-intent-27,bigdbm/validate/phone.py,5,4,3,,0,1,graph neighbour of the entry points (PPR 0.064)
TagStudioDev__TagStudio-735,tagstudio/src/qt/modals/tag_search.py,8,9,,,0,0,
TagStudioDev__TagStudio-735,tagstudio/src/qt/widgets/tag.py,25,26,,,0,0,
TransformerLensOrg__TransformerLens-333,transformer_lens/HookedEncoder.py,7,7,4,1,0,0,strong text match (lexical score 44.9)
TransformerLensOrg__TransformerLens-333,transformer_lens/HookedTransformer.py,1,1,,,1,1,entry point (lexical score 88.3)
TransformerLensOrg__TransformerLens-333,transformer_lens/utils.py,2,2,,,1,1,entry point (lexical score 80.6)
UCL__TLOmodel-1524,src/tlo/methods/contraception.py,1,1,,,1,1,entry point (lexical score 224.8)
UKPLab__sentence-transformers-3035,sentence_transformers/trainer.py,1,1,,,1,1,entry point (lexical score 157.5)
UKPLab__sentence-transformers-3073,sentence_transformers/sampler.py,1,1,,,1,1,entry point (lexical score 45.2)
UKPLab__sentence-transformers-3076,sentence_transformers/evaluation/BinaryClassificationEvaluator.py,1,1,,,1,1,entry point (lexical score 96.5)
UKPLab__sentence-transformers-3096,sentence_transformers/evaluation/SentenceEvaluator.py,,,6,1,0,0,graph neighbour of the entry points (PPR 0.031)
UKPLab__sentence-transformers-3104,sentence_transformers/cross_encoder/CrossEncoder.py,2,2,,,1,1,entry point (lexical score 36.3)
UKPLab__sentence-transformers-3110,sentence_transformers/SentenceTransformer.py,1,1,,1,1,0,entry point (lexical score 60.2)
UKPLab__sentence-transformers-3122,sentence_transformers/evaluation/NanoBEIREvaluator.py,1,1,,,1,1,entry point (lexical score 172.7)
UKPLab__sentence-transformers-3126,sentence_transformers/cross_encoder/CrossEncoder.py,1,1,,,1,1,entry point (lexical score 83.9)
UXARRAY__uxarray-1117,uxarray/grid/connectivity.py,13,12,12,,0,0,graph neighbour of the entry points (PPR 0.015)
UXARRAY__uxarray-1117,uxarray/grid/coordinates.py,1,1,,,1,1,entry point (lexical score 28.0)
UXARRAY__uxarray-1144,uxarray/formatting_html.py,40,38,38,,0,0,
UXARRAY__uxarray-1144,uxarray/grid/grid.py,1,1,,2,1,0,entry point (lexical score 8.9)
UXARRAY__uxarray-1151,uxarray/grid/slice.py,6,7,20,,0,0,strong text match (lexical score 10.3)
UXARRAY__uxarray-1151,uxarray/subset/dataarray_accessor.py,13,13,46,,0,0,
UXARRAY__uxarray-1151,uxarray/subset/grid_accessor.py,10,10,48,,0,0,strong text match (lexical score 9.4)
Zulko__moviepy-2253,moviepy/video/io/ffmpeg_reader.py,1,1,,,1,1,entry point (lexical score 94.8)
aio-libs__aiohttp-7829,aiohttp/web_urldispatcher.py,1,1,,,1,1,entry point (lexical score 325.5)
aio-libs__aiohttp-9692,aiohttp/client_reqrep.py,1,1,,,1,1,entry point (lexical score 139.0)
aio-libs__aiohttp-9762,aiohttp/payload.py,2,1,,,1,1,entry point (lexical score 20.0)
aio-libs__aiohttp-9766,aiohttp/payload.py,4,1,,,1,1,entry point (lexical score 19.6)
aio-libs__aiohttp-9767,aiohttp/payload.py,3,1,,,1,1,entry point (lexical score 19.9)
aiortc__aiortc-795,src/aiortc/rtcsctptransport.py,1,1,,,1,1,entry point (lexical score 142.4)
airbnb__knowledge-repo-558,knowledge_repo/app/routes/comment.py,22,23,16,,0,1,graph neighbour of the entry points (PPR 0.011)
albumentations-team__albumentations-2183,albumentations/augmentations/functional.py,1,1,,,1,1,entry point (lexical score 16.6)
alexa-pi__AlexaPi-188,src/alexapi/capture.py,7,7,5,1,0,0,graph neighbour of the entry points (PPR 0.053)
alexa-pi__AlexaPi-188,src/main.py,1,1,,,1,1,entry point (lexical score 44.5)
ansible__ansible-84275,lib/ansible/modules/dnf5.py,1,1,,,1,1,entry point (lexical score 312.4)
ansys__pymapdl-3705,src/ansys/mapdl/core/misc.py,18,17,8,1,0,0,graph neighbour of the entry points (PPR 0.023)
avantifellows__quiz-backend-84,app/models.py,4,3,,,1,0,entry point (lexical score 5.4)
avantifellows__quiz-backend-84,app/routers/session_answers.py,6,7,,,0,0,
avantifellows__quiz-backend-84,app/routers/sessions.py,3,4,,,0,0,
azavea__raster-vision-676,rastervision/data/vector_source/geojson_vector_source.py,33,35,10,2,0,0,graph neighbour of the entry points (PPR 0.018)
azavea__raster-vision-676,rastervision/data/vector_source/vector_source.py,31,32,3,1,0,0,graph neighbour of the entry points (PPR 0.055)
azavea__raster-vision-676,rastervision/data/vector_source/vector_tile_vector_source.py,1,1,,,1,1,entry point (lexical score 37.5)
bridgecrewio__checkov-6826,checkov/terraform/checks/resource/aws/EKSPlatformVersion.py,1,1,,,1,1,entry point (lexical score 54.9)
bridgecrewio__checkov-6828,checkov/dockerfile/parser.py,21,23,652,2,0,0,strong text match (lexical score 154.7)
bridgecrewio__checkov-6895,checkov/terraform/checks/resource/azure/PostgreSQLFlexiServerGeoBackupEnabled.py,1,1,,,1,1,entry point (lexical score 128.4)
bridgecrewio__checkov-6909,checkov/serverless/graph_builder/local_graph.py,28,10,148,,0,1,strong text match (lexical score 226.6)
ccxt__ccxt-24388,python/ccxt/base/exchange.py,7,11,9,2,0,0,strong text match (lexical score 117.0)
celery__django-celery-beat-835,django_celery_beat/schedulers.py,1,1,,1,1,0,entry point (lexical score 109.0)
certbot__certbot-10043,tools/finish_release.py,1,1,,,1,1,entry point (lexical score 61.7)
cisagov__manage.get.gov-1669,src/registrar/management/commands/utility/extra_transition_domain_helper.py,10,9,9,,0,0,strong text match (lexical score 41.7)
cisagov__manage.get.gov-1669,src/registrar/models/domain.py,16,12,2,2,0,0,strong text match (lexical score 35.2)
cisagov__manage.get.gov-1669,src/registrar/utility/csv_export.py,13,10,10,1,0,0,strong text match (lexical score 37.1)
ckan__ckan-8226,ckan/config/middleware/flask_app.py,29,26,13,2,0,0,graph neighbour of the entry points (PPR 0.014)
ckan__ckan-8226,ckan/lib/helpers.py,4,1,,1,1,0,entry point (lexical score 116.7)
ckan__ckan-8226,ckan/lib/jinja_extensions.py,1,3,,,1,1,entry point (lexical score 108.8)
conan-io__conan-17369,conan/tools/scm/git.py,1,1,,,1,1,entry point (lexical score 117.9)
ctc-oss__fapolicy-analyzer-809,fapolicy_analyzer/ui/features/profiler_feature.py,4,4,,2,1,0,entry point (lexical score 52.9)
ctc-oss__fapolicy-analyzer-809,fapolicy_analyzer/ui/profiler_page.py,5,5,5,,0,1,strong text match (lexical score 52.7)
ctc-oss__fapolicy-analyzer-809,fapolicy_analyzer/ui/reducers/profiler_reducer.py,3,3,,,1,1,entry point (lexical score 55.7)
cupy__cupy-3730,cupy/fft/config.py,20,27,7,1,0,0,graph neighbour of the entry points (PPR 0.018)
cupy__cupy-3730,cupy/fft/fft.py,1,1,,1,1,0,entry point (lexical score 32.1)
cupy__cupy-3730,cupy_setup_build.py,8,7,,,0,0,strong text match (lexical score 16.6)
cupy__cupy-3730,cupyx/scipy/fftpack/_fft.py,3,3,,1,1,0,entry point (lexical score 30.7)
cython__cython-6508,Cython/Compiler/FusedNode.py,9,7,21,,0,1,strong text match (lexical score 86.1)
dask__dask-10750,dask/dataframe/shuffle.py,1,2,,,1,1,entry point (lexical score 28.8)
dask__dask-10754,dask/dataframe/core.py,3,3,,,1,1,entry point (lexical score 8.9)
dask__dask-10785,dask/dataframe/core.py,2,2,,,1,0,entry point (lexical score 22.1)
dask__dask-10796,dask/dataframe/groupby.py,1,1,,,1,1,entry point (lexical score 18.6)
dask__dask-10963,dask/bag/core.py,3,3,,,1,1,entry point (lexical score 41.5)
dask__dask-11183,dask/dataframe/__init__.py,1,1,,,1,0,entry point (lexical score 83.3)
dask__dask-11303,dask/order.py,55,55,21,2,0,0,graph neighbour of the entry points (PPR 0.011)
dask__dask-11354,dask/array/core.py,1,1,,,1,1,entry point (lexical score 97.3)
dask__dask-11393,dask/dataframe/utils.py,6,5,2,,0,0,strong text match (lexical score 75.3)
dask__dask-11434,dask/array/core.py,1,1,,,1,1,entry point (lexical score 64.1)
dask__dask-11450,dask/array/slicing.py,4,4,,,1,1,entry point (lexical score 47.3)
dask__dask-11479,dask/array/overlap.py,24,16,37,,0,1,strong text match (lexical score 72.3)
dask__dask-11491,dask/array/core.py,1,1,,,1,1,entry point (lexical score 70.2)
dask__dask-11539,dask/array/core.py,1,1,,,1,1,entry point (lexical score 74.4)
dask__dask-11541,dask/array/reshape.py,1,1,,,1,1,entry point (lexical score 19.6)
dask__dask-11605,dask/array/overlap.py,1,1,,,1,1,entry point (lexical score 369.3)
dask__dask-11608,dask/_task_spec.py,1,1,,,1,1,entry point (lexical score 24.7)
dask__dask-11609,dask/dataframe/io/io.py,30,29,24,1,0,0,graph neighbour of the entry points (PPR 0.009)
dask__dask-7183,dask/array/routines.py,1,1,,,1,0,entry point (lexical score 34.1)
dask__dask-8040,dask/local.py,7,4,,,1,1,entry point (lexical score 18.8)
django__django-13134,django/contrib/admin/sites.py,1,1,,1,1,0,entry point (lexical score 111.0)
django__django-16421,django/utils/text.py,1,1,,,1,1,entry point (lexical score 88.2)
django__django-17874,django/db/models/options.py,1,1,,2,1,0,entry point (lexical score 49.9)
django__django-17885,django/contrib/admin/options.py,2,3,,2,1,0,entry point (lexical score 32.5)
django__django-17904,django/urls/resolvers.py,1,1,,,1,1,entry point (lexical score 188.0)
django__django-17984,django/db/models/fields/related_descriptors.py,2,2,,,1,0,entry point (lexical score 109.1)
django__django-18059,django/utils/log.py,1,1,,,1,1,entry point (lexical score 106.2)
django__django-18104,django/db/models/options.py,2,2,,2,1,0,entry point (lexical score 54.1)
django__django-18105,django/contrib/auth/management/__init__.py,2,2,,,1,1,entry point (lexical score 60.4)
django__django-18158,django/core/management/commands/shell.py,2,2,,,1,1,entry point (lexical score 40.6)
django__django-18435,django/core/management/commands/runserver.py,13,7,4,,0,0,strong text match (lexical score 82.0)
django__django-18470,django/contrib/staticfiles/storage.py,1,1,,,1,1,entry point (lexical score 401.7)
django__django-18508,django/db/migrations/operations/models.py,1,1,,,1,1,entry point (lexical score 36.0)
django__django-18616,django/http/response.py,5,3,,,1,1,entry point (lexical score 96.5)
django__django-18616,django/shortcuts.py,1,1,,,1,1,entry point (lexical score 109.3)
django__django-18653,django/template/base.py,1,1,,,1,1,entry point (lexical score 68.2)
django__django-18654,django/urls/base.py,1,1,,,1,1,entry point (lexical score 98.5)
django__django-18752,django/db/migrations/questioner.py,1,1,,,1,1,entry point (lexical score 403.2)
django__django-18785,django/template/base.py,4,2,,1,1,0,entry point (lexical score 61.8)
django__django-18795,django/db/models/fields/__init__.py,2,2,,2,1,0,entry point (lexical score 73.3)
django__django-18796,django/contrib/admin/sites.py,4,6,13,,0,0,strong text match (lexical score 34.8)
django__django-18820,django/forms/formsets.py,1,1,,,1,1,entry point (lexical score 245.0)
django__django-18846,django/core/management/commands/sqlmigrate.py,2,2,,,1,0,entry point (lexical score 41.9)
django__django-18850,django/template/loader_tags.py,4,2,,,1,1,entry point (lexical score 157.3)
django__django-18854,django/contrib/postgres/fields/array.py,5,5,8,,0,1,strong text match (lexical score 56.1)
django__django-18854,django/contrib/postgres/fields/hstore.py,2,4,,,1,0,entry point (lexical score 58.5)
django__django-18888,django/core/management/commands/makemessages.py,2,1,,,1,1,entry point (lexical score 77.9)
django__django-18905,django/forms/utils.py,1,1,,1,1,0,entry point (lexical score 246.0)
django__django-18906,django/forms/forms.py,2,2,,,1,1,entry point (lexical score 346.8)
django__django-18911,django/db/backends/postgresql/schema.py,26,29,21,,0,0,strong text match (lexical score 176.9)
django__django-18925,django/core/validators.py,1,1,,,1,1,entry point (lexical score 153.9)
django__django-18941,django/utils/html.py,1,1,,,1,1,entry point (lexical score 155.7)
django__django-18986,django/core/management/commands/inspectdb.py,5,1,,,1,0,entry point (lexical score 19.8)
django__django-19009,django/contrib/gis/db/backends/base/models.py,1,1,,,1,0,entry point (lexical score 673.1)
django__django-19043,django/forms/fields.py,18,14,1,,0,0,strong text match (lexical score 172.0)
django__django-19043,django/forms/forms.py,3,3,,,1,1,entry point (lexical score 228.3)
django__django-19043,django/forms/renderers.py,19,28,10,,0,1,graph neighbour of the entry points (PPR 0.009)
django__django-5605,django/middleware/csrf.py,1,1,,,1,1,entry point (lexical score 159.9)
django__django-6478,django/db/backends/oracle/compiler.py,,,67,,0,0,
django__django-6478,django/db/models/__init__.py,,,9,,0,0,graph neighbour of the entry points (PPR 0.013)
django__django-6478,django/db/models/expressions.py,,69,31,,0,0,strong text match (lexical score 162.1)
dmlc__dgl-5240,python/dgl/frame.py,2,2,,,1,1,entry point (lexical score 87.4)
duncanscanga__VDRS-Solutions-73,app/models.py,2,2,,,1,1,entry point (lexical score 3.3)
explodinggradients__ragas-1627,src/ragas/metrics/_noise_sensitivity.py,1,1,,,1,1,entry point (lexical score 27.0)
facebookresearch__xformers-1166,xformers/ops/swiglu_op.py,2,3,,,1,0,entry point (lexical score 145.6)
feast-dev__feast-2371,sdk/python/feast/infra/online_stores/dynamodb.py,1,1,,,1,1,entry point (lexical score 31.1)
feast-dev__feast-4727,sdk/python/feast/feature_server.py,2,3,,,1,1,entry point (lexical score 35.5)
flet-dev__flet-4314,sdk/python/packages/flet/src/flet/core/segmented_button.py,8,4,,,1,1,entry point (lexical score 129.3)
flet-dev__flet-4340,sdk/python/packages/flet/src/flet/core/colors.py,26,17,49,,0,0,strong text match (lexical score 201.3)
flet-dev__flet-4373,sdk/python/packages/flet/src/flet/core/markdown.py,4,2,,,1,1,entry point (lexical score 224.2)
flet-dev__flet-4384,sdk/python/packages/flet/src/flet/core/icon.py,9,10,,,0,0,strong text match (lexical score 71.8)
flet-dev__flet-4388,sdk/python/packages/flet-cli/src/flet_cli/commands/build.py,1,1,,,1,1,entry point (lexical score 135.7)
flet-dev__flet-4425,sdk/python/packages/flet/src/flet/core/date_picker.py,2,1,,,1,1,entry point (lexical score 251.8)
flet-dev__flet-4452,sdk/python/packages/flet-cli/src/flet_cli/commands/build.py,2,3,,,1,0,entry point (lexical score 49.5)
flet-dev__flet-4554,sdk/python/packages/flet-cli/src/flet_cli/utils/project_dependencies.py,3,3,,,1,1,entry point (lexical score 129.2)
fortra__impacket-1636,examples/ntlmrelayx.py,1,1,23,2,0,0,strong text match (lexical score 39.2)
fortra__impacket-1636,impacket/examples/ntlmrelayx/servers/socksserver.py,23,14,76,,0,0,strong text match (lexical score 25.1)
fortra__impacket-1858,impacket/dhcp.py,,,171,2,0,0,
fortra__impacket-1860,impacket/examples/secretsdump.py,1,1,,,1,1,entry point (lexical score 92.8)
fractal-analytics-platform__fractal-tasks-core-889,fractal_tasks_core/tasks/cellpose_segmentation.py,1,1,,1,1,0,entry point (lexical score 27.0)
freedomofpress__securedrop-client-944,securedrop_client/gui/widgets.py,3,2,,,1,1,entry point (lexical score 20.6)
freedomofpress__securedrop-client-944,securedrop_client/logic.py,1,1,,1,1,0,entry point (lexical score 25.5)
freedomofpress__securedrop-client-944,securedrop_client/storage.py,6,4,,1,1,0,entry point (lexical score 16.8)
fulcrumgenomics__prymer-99,prymer/offtarget/offtarget_detector.py,1,1,,,1,0,entry point (lexical score 89.4)
gammasim__simtools-1183,simtools/applications/db_get_parameter_from_db.py,29,36,66,,0,0,
gammasim__simtools-1183,simtools/db/db_array_elements.py,64,52,76,1,0,0,
gammasim__simtools-1183,simtools/db/db_handler.py,8,9,14,1,0,0,graph neighbour of the entry points (PPR 0.012)
gaogaotiantian__viztracer-528,src/viztracer/main.py,3,4,,,1,0,entry point (lexical score 22.4)
getmoto__moto-8315,moto/s3/responses.py,2,1,,1,1,0,entry point (lexical score 158.5)
getmoto__moto-8316,moto/ec2/responses/fleets.py,2,1,,,1,0,entry point (lexical score 253.7)
getmoto__moto-8342,moto/iotdata/models.py,19,3,,,1,1,entry point (lexical score 298.9)
getmoto__moto-8365,moto/kms/responses.py,4,3,,,1,1,entry point (lexical score 144.1)
getmoto__moto-8390,moto/athena/responses.py,44,34,314,,0,0,
getmoto__moto-8401,moto/dynamodb/models/utilities.py,,,128,2,0,0,
gitpython-developers__GitPython-1636,git/cmd.py,3,2,,1,1,0,entry point (lexical score 14.7)
home-assistant__core-136739,homeassistant/components/fritzbox/climate.py,34,19,18,,0,0,strong text match (lexical score 38.1)
home-assistant__core-136739,homeassistant/components/fritzbox/cover.py,16,15,30,,0,0,strong text match (lexical score 39.8)
home-assistant__core-136739,homeassistant/components/fritzbox/light.py,2,2,,,1,0,entry point (lexical score 51.3)
home-assistant__core-136739,homeassistant/components/fritzbox/switch.py,4,4,,,1,1,entry point (lexical score 45.7)
home-assistant__core-15182,homeassistant/components/http/__init__.py,1,1,,1,1,0,entry point (lexical score 241.3)
home-assistant__core-15182,homeassistant/components/http/real_ip.py,7,7,61,,0,0,
huggingface__accelerate-3248,src/accelerate/hooks.py,2,2,,,1,1,entry point (lexical score 59.7)
huggingface__accelerate-3261,examples/by_feature/megatron_lm_gpt_pretraining.py,1,1,,,1,1,entry point (lexical score 205.4)
huggingface__accelerate-3279,src/accelerate/utils/modeling.py,1,1,,,1,1,entry point (lexical score 47.4)
huggingface__diffusers-10067,src/diffusers/models/upsampling.py,,,432,,0,0,
huggingface__diffusers-10086,src/diffusers/pipelines/stable_diffusion_3/pipeline_stable_diffusion_3.py,25,15,96,,0,1,strong text match (lexical score 90.9)
huggingface__diffusers-10115,src/diffusers/models/embeddings.py,8,8,13,2,0,0,strong text match (lexical score 26.6)
huggingface__diffusers-10170,src/diffusers/image_processor.py,2,1,,,1,1,entry point (lexical score 79.1)
huggingface__diffusers-10176,src/diffusers/pipelines/stable_diffusion_gligen/pipeline_stable_diffusion_gligen_text_image.py,1,1,,,1,1,entry point (lexical score 65.2)
huggingface__diffusers-10182,src/diffusers/loaders/lora_pipeline.py,1,1,,,1,1,entry point (lexical score 289.4)
huggingface__diffusers-10185,src/diffusers/schedulers/scheduling_repaint.py,1,1,,,1,0,entry point (lexical score 22.3)
huggingface__diffusers-10189,src/diffusers/pipelines/pipeline_utils.py,11,3,,,1,0,entry point (lexical score 251.3)
huggingface__diffusers-10262,src/diffusers/models/unets/unet_2d.py,,,100,,0,0,strong text match (lexical score 26.7)
huggingface__diffusers-10269,src/diffusers/schedulers/scheduling_flow_match_euler_discrete.py,70,78,15,,0,0,strong text match (lexical score 13.9)
huggingface__diffusers-9579,src/diffusers/models/embeddings.py,,,41,,0,0,strong text match (lexical score 53.3)
huggingface__diffusers-9583,src/diffusers/utils/import_utils.py,,,1,,0,0,strong text match (lexical score 57.5)
huggingface__diffusers-9606,src/diffusers/training_utils.py,,,6,,0,0,strong text match (lexical score 61.6)
huggingface__diffusers-9659,src/diffusers/pipelines/stable_diffusion_3/pipeline_stable_diffusion_3_img2img.py,,,311,,0,0,strong text match (lexical score 30.4)
huggingface__diffusers-9815,src/diffusers/training_utils.py,,,5,,0,0,strong text match (lexical score 61.3)
huggingface__diffusers-9885,src/diffusers/utils/dynamic_modules_utils.py,2,1,,,1,1,entry point (lexical score 44.0)
huggingface__diffusers-9978,src/diffusers/loaders/single_file_utils.py,6,8,113,1,0,0,strong text match (lexical score 133.5)
huggingface__optimum-benchmark-266,optimum_benchmark/trackers/latency.py,30,21,10,1,0,0,graph neighbour of the entry points (PPR 0.017)
huggingface__transformers-22496,src/transformers/models/whisper/modeling_whisper.py,8,8,2,,0,0,strong text match (lexical score 123.4)
huggingface__transformers-22496,src/transformers/models/whisper/processing_whisper.py,6,5,59,,0,1,strong text match (lexical score 135.7)
huggingface__transformers-22496,src/transformers/models/whisper/tokenization_whisper.py,1,1,,,1,1,entry point (lexical score 176.0)
huggingface__transformers-22496,src/transformers/models/whisper/tokenization_whisper_fast.py,2,2,,,1,1,entry point (lexical score 162.9)
huggingface__transformers-22498,src/transformers/modeling_utils.py,2,2,,,1,1,entry point (lexical score 100.5)
huggingface__transformers-22498,src/transformers/trainer.py,1,1,,,1,0,entry point (lexical score 105.1)
huggingface__transformers-22498,src/transformers/training_args.py,3,3,,,1,0,entry point (lexical score 93.4)
huggingface__transformers-28940,src/transformers/pipelines/base.py,2,2,,,1,0,entry point (lexical score 93.4)
huggingface__transformers-29511,src/transformers/modeling_utils.py,4,4,,,1,0,entry point (lexical score 61.2)
huggingface__transformers-29688,src/transformers/models/whisper/generation_whisper.py,1,1,,,1,1,entry point (lexical score 91.5)
huggingface__transformers-29900,src/transformers/models/whisper/feature_extraction_whisper.py,10,8,53,,0,1,strong text match (lexical score 159.5)
huggingface__transformers-31566,src/transformers/models/siglip/modeling_siglip.py,3,3,,,1,1,entry point (lexical score 36.2)
huggingface__transformers-31783,src/transformers/integrations/ggml.py,1,1,,,1,1,entry point (lexical score 396.8)
huggingface__transformers-32240,src/transformers/tokenization_utils.py,,,29,2,0,0,
huggingface__transformers-32652,src/transformers/models/splinter/tokenization_splinter.py,,47,1440,,0,0,strong text match (lexical score 108.3)
huggingface__transformers-34066,src/transformers/pipelines/text_classification.py,5,6,43,,0,1,strong text match (lexical score 39.8)
huggingface__transformers-34208,src/transformers/agents/tools.py,2,2,,,1,1,entry point (lexical score 82.5)
huggingface__transformers-34279,src/transformers/integrations/integration_utils.py,1,1,,,1,1,entry point (lexical score 92.8)
huggingface__transformers-34507,src/transformers/trainer.py,4,4,,,1,0,entry point (lexical score 65.2)
huggingface__transformers-35453,src/transformers/optimization.py,20,14,47,,0,1,strong text match (lexical score 28.1)
huggingface__trl-2325,trl/trainer/rloo_trainer.py,1,1,,,1,1,entry point (lexical score 56.7)
huggingface__trl-2332,trl/trainer/dpo_trainer.py,1,1,,,1,1,entry point (lexical score 124.0)
huggingface__trl-2398,trl/models/modeling_value_head.py,3,2,,,1,1,entry point (lexical score 70.7)
huggingface__trl-2417,trl/trainer/online_dpo_trainer.py,2,2,,1,1,0,entry point (lexical score 136.3)
huggingface__trl-2433,trl/trainer/rloo_trainer.py,25,25,18,2,0,0,strong text match (lexical score 34.6)
huggingface__trl-2450,trl/trainer/utils.py,1,1,,,1,1,entry point (lexical score 146.6)
hyeneung__tech-blog-hub-site-49,serverless/apis/recommend/lambda_function.py,6,5,,,0,0,strong text match (lexical score 15.6)
hyeneung__tech-blog-hub-site-49,serverless/apis/recommend/opensearch/article_analyze.py,7,7,,,0,0,strong text match (lexical score 14.4)
hyeneung__tech-blog-hub-site-49,serverless/apis/recommend/recommend.py,14,14,,,0,0,
instructor-ai__instructor-1254,instructor/retry.py,3,3,,1,1,0,entry point (lexical score 95.9)
intelowlproject__GreedyBear-397,api/serializers.py,3,2,,,1,1,entry point (lexical score 13.3)
intelowlproject__GreedyBear-397,api/views.py,1,1,,,1,1,entry point (lexical score 18.0)
intelowlproject__GreedyBear-397,greedybear/settings.py,10,13,21,,0,0,graph neighbour of the entry points (PPR 0.002)
internetarchive__openlibrary-3196,openlibrary/plugins/upstream/utils.py,1,1,,,1,0,entry point (lexical score 38.1)
internetarchive__openlibrary-7929,openlibrary/core/lending.py,1,1,,,1,1,entry point (lexical score 46.2)
internetarchive__openlibrary-7929,openlibrary/core/models.py,2,3,,1,1,0,entry point (lexical score 41.7)
internetarchive__openlibrary-7929,openlibrary/core/waitinglist.py,29,37,13,1,0,0,graph neighbour of the entry points (PPR 0.015)
internetarchive__openlibrary-7929,openlibrary/plugins/upstream/borrow.py,3,2,,,1,1,entry point (lexical score 43.3)
iterative__dvc-10641,dvc/repo/experiments/remove.py,5,5,10,2,0,0,strong text match (lexical score 57.1)
ivadomed__ivadomed-1081,ivadomed/evaluation.py,16,17,24,,0,1,strong text match (lexical score 30.6)
ivadomed__ivadomed-1081,ivadomed/main.py,7,8,6,2,0,0,strong text match (lexical score 46.0)
ivadomed__ivadomed-1081,ivadomed/metrics.py,41,32,31,1,0,0,
jax-ml__jax-19601,jax/experimental/shard_map.py,1,1,,,1,1,entry point (lexical score 112.1)
jax-ml__jax-19710,jax/experimental/shard_map.py,1,1,,,1,1,entry point (lexical score 121.6)
jax-ml__jax-19909,jax/_src/custom_derivatives.py,1,1,,,1,0,entry point (lexical score 517.8)
jax-ml__jax-20862,jax/_src/numpy/lax_numpy.py,6,6,20,1,0,0,strong text match (lexical score 83.2)
jax-ml__jax-22049,jax/experimental/shard_map.py,6,7,23,,0,1,strong text match (lexical score 55.4)
jax-ml__jax-22897,jax/_src/numpy/lax_numpy.py,1,1,,,1,1,entry point (lexical score 102.8)
jax-ml__jax-23020,jax/_src/numpy/setops.py,1,1,,,1,1,entry point (lexical score 63.9)
jax-ml__jax-24492,jax/_src/numpy/util.py,4,4,,,1,1,entry point (lexical score 88.8)
jax-ml__jax-24717,jax/_src/scipy/stats/_core.py,29,24,155,,0,0,strong text match (lexical score 110.4)
jax-ml__jax-24733,jax/_src/numpy/reductions.py,7,4,,,1,1,entry point (lexical score 224.0)
jax-ml__jax-24814,jax/_src/numpy/lax_numpy.py,1,1,,2,1,0,entry point (lexical score 91.5)
jax-ml__jax-24823,jax/_src/lax/lax.py,24,18,5,1,0,0,strong text match (lexical score 564.6)
jax-ml__jax-25114,jax/_src/compiler.py,1,1,,,1,1,entry point (lexical score 46.9)
jax-ml__jax-25114,jax/_src/config.py,5,4,,,1,0,entry point (lexical score 30.3)
jax-ml__jax-25239,jax/_src/numpy/lax_numpy.py,1,1,,2,1,0,entry point (lexical score 85.2)
jax-ml__jax-25487,jax/_src/random.py,6,6,34,,0,1,strong text match (lexical score 79.3)
jax-ml__jax-25511,jax/_src/lax/control_flow/loops.py,1,1,,2,1,0,entry point (lexical score 86.9)
jax-ml__jax-25787,jax/_src/lax/linalg.py,2,2,,,1,1,entry point (lexical score 146.4)
jazzband__django-two-factor-auth-390,two_factor/views/profile.py,1,2,,,1,1,entry point (lexical score 251.7)
jobatabs__textec-53,src/repositories/reference_repository.py,2,2,,,1,0,entry point (lexical score 0.9)
jupyterhub__oauthenticator-764,oauthenticator/google.py,4,4,,,1,1,entry point (lexical score 3.5)
jupyterhub__oauthenticator-764,setup.py,9,7,,,0,0,
justin13601__ACES-145,src/aces/config.py,5,5,3,,0,1,graph neighbour of the entry points (PPR 0.088)
justin13601__ACES-145,src/aces/predicates.py,4,4,2,1,0,0,graph neighbour of the entry points (PPR 0.128)
justin13601__ACES-145,src/aces/query.py,9,8,4,1,0,0,graph neighbour of the entry points (PPR 0.083)
kedro-org__kedro-4299,kedro/framework/cli/cli.py,2,2,,,1,0,entry point (lexical score 14.9)
kedro-org__kedro-4367,kedro/config/omegaconf_config.py,1,1,,,1,1,entry point (lexical score 127.3)
keras-team__keras-19852,keras/src/saving/saving_lib.py,3,2,,,1,1,entry point (lexical score 34.4)
keras-team__keras-20443,keras/src/utils/io_utils.py,,,36,,0,0,
keras-team__keras-20456,keras/src/models/functional.py,21,18,58,,0,1,strong text match (lexical score 17.2)
keras-team__keras-20534,keras/src/optimizers/base_optimizer.py,1,1,,,1,1,entry point (lexical score 76.2)
keras-team__keras-20537,keras/src/legacy/saving/legacy_h5_format.py,1,1,,,1,1,entry point (lexical score 32.5)
keras-team__keras-20550,keras/src/models/cloning.py,1,1,,,1,1,entry point (lexical score 146.9)
keras-team__keras-20602,keras/src/trainers/trainer.py,5,5,146,,0,1,strong text match (lexical score 660.9)
keras-team__keras-20626,keras/src/layers/preprocessing/normalization.py,2,1,,2,1,0,entry point (lexical score 52.9)
kiasambrook__tfl-live-tracker-7,app/api/tfl_api.py,2,2,,,1,1,entry point (lexical score 2.3)
kiasambrook__tfl-live-tracker-7,app/ui/main_window.py,3,6,,,0,0,
kornia__kornia-3084,kornia/augmentation/container/augment.py,5,1,,2,1,0,entry point (lexical score 81.0)
langchain-ai__langgraph-2571,libs/checkpoint-postgres/langgraph/checkpoint/postgres/aio.py,1,1,,,1,0,entry point (lexical score 387.7)
langchain-ai__langgraph-2724,libs/langgraph/langgraph/prebuilt/tool_node.py,23,21,,,0,0,
langchain-ai__langgraph-2735,libs/checkpoint/langgraph/checkpoint/serde/jsonplus.py,1,1,,,1,1,entry point (lexical score 225.7)
latchset__jwcrypto-195,jwcrypto/jwe.py,8,8,3,1,0,0,graph neighbour of the entry points (PPR 0.085)
latchset__jwcrypto-195,jwcrypto/jwt.py,10,10,4,1,0,0,graph neighbour of the entry points (PPR 0.081)
locustio__locust-2976,locust/runners.py,1,1,,,1,1,entry point (lexical score 165.3)
matchms__matchms-backup-187,matchms/filtering/derive_inchi_from_smiles.py,22,27,,1,0,0,
matchms__matchms-backup-187,matchms/filtering/derive_inchikey_from_inchi.py,23,29,,1,0,0,
matchms__matchms-backup-187,matchms/filtering/derive_smiles_from_inchi.py,25,28,,1,0,0,
matchms__matchms-backup-187,matchms/utils.py,2,2,,,0,1,
mathesar-foundation__mathesar-3117,db/install.py,41,48,127,,0,0,
matplotlib__matplotlib-25887,lib/matplotlib/cbook.py,10,9,8,1,0,0,strong text match (lexical score 91.7)
matplotlib__matplotlib-29133,lib/matplotlib/axes/_axes.py,1,1,,,1,0,entry point (lexical score 61.5)
matplotlib__matplotlib-29236,lib/matplotlib/animation.py,1,1,,,1,1,entry point (lexical score 155.3)
matplotlib__matplotlib-29254,lib/matplotlib/figure.py,2,2,,1,1,0,entry point (lexical score 209.5)
matplotlib__matplotlib-29265,lib/matplotlib/collections.py,2,2,,,1,0,entry point (lexical score 19.8)
matrix-org__synapse-8744,synapse/handlers/appservice.py,4,4,,2,1,0,entry point (lexical score 18.7)
matrix-org__synapse-8744,synapse/handlers/receipts.py,11,14,140,2,0,0,strong text match (lexical score 16.6)
matrix-org__synapse-8744,synapse/storage/databases/main/receipts.py,52,47,133,2,0,0,
mesonbuild__meson-11366,mesonbuild/minstall.py,1,1,,1,1,0,entry point (lexical score 184.7)
mesonbuild__meson-13881,mesonbuild/backend/ninjabackend.py,1,1,,,1,1,entry point (lexical score 204.6)
mesonbuild__meson-14013,mesonbuild/coredata.py,12,13,6,,0,1,strong text match (lexical score 88.6)
micropython__micropython-lib-947,python-ecosys/requests/requests/__init__.py,1,1,,,1,0,entry point (lexical score 162.9)
mlflow__mlflow-10923,mlflow/store/artifact/local_artifact_repo.py,,,250,,0,0,
mlflow__mlflow-13390,mlflow/openai/_openai_autolog.py,1,1,,,1,1,entry point (lexical score 75.5)
mlflow__mlflow-13802,mlflow/openai/_openai_autolog.py,87,77,22,1,0,0,strong text match (lexical score 194.0)
mlflow__mlflow-13821,mlflow/models/model.py,10,10,6,1,0,0,strong text match (lexical score 642.1)
mlflow__mlflow-13888,mlflow/tracking/fluent.py,1,2,,2,1,0,entry point (lexical score 360.8)
modin-project__modin-3404,modin/experimental/xgboost/xgboost.py,8,9,19,,0,0,strong text match (lexical score 10.6)
modin-project__modin-3404,modin/experimental/xgboost/xgboost_ray.py,5,5,29,,0,0,strong text match (lexical score 13.0)
modin-project__modin-3438,modin/backends/pandas/parsers.py,61,54,80,,0,0,
modin-project__modin-4391,modin/core/dataframe/pandas/dataframe/dataframe.py,24,21,47,,0,0,strong text match (lexical score 126.0)
modin-project__modin-4391,modin/core/dataframe/pandas/partitioning/partition_manager.py,35,27,72,,0,0,strong text match (lexical score 119.1)
modin-project__modin-4391,modin/core/execution/ray/implementations/pandas_on_ray/partitioning/partition_manager.py,70,68,93,,0,0,
modin-project__modin-6836,modin/core/dataframe/algebra/binary.py,14,14,93,,0,1,strong text match (lexical score 10.7)
modin-project__modin-6836,modin/core/dataframe/pandas/dataframe/dataframe.py,44,37,28,,0,0,strong text match (lexical score 8.7)
modin-project__modin-6836,modin/core/dataframe/pandas/partitioning/partition_manager.py,4,5,29,,0,0,strong text match (lexical score 12.6)
modin-project__modin-6836,modin/core/execution/ray/common/engine_wrapper.py,20,31,1,,0,0,strong text match (lexical score 9.2)
modin-project__modin-6912,modin/core/dataframe/pandas/partitioning/partition_manager.py,4,4,,,1,0,entry point (lexical score 16.4)
modin-project__modin-6951,modin/pandas/groupby.py,46,43,41,2,0,0,
modin-project__modin-6980,modin/core/dataframe/pandas/dataframe/dataframe.py,1,1,,1,1,0,entry point (lexical score 72.1)
modin-project__modin-6995,modin/pandas/series.py,17,7,8,,0,0,strong text match (lexical score 3.1)
modin-project__modin-7052,modin/pandas/base.py,6,5,8,,0,0,strong text match (lexical score 6.1)
modin-project__modin-7059,modin/pandas/dataframe.py,1,1,,,1,0,entry point (lexical score 4.3)
modin-project__modin-7189,modin/config/envvars.py,1,1,,,1,1,entry point (lexical score 7.8)
modin-project__modin-7400,modin/pandas/dataframe.py,6,5,2,1,0,0,strong text match (lexical score 20.5)
nautobot__nautobot-6364,nautobot/core/models/tree_queries.py,,,202,2,0,0,
nautobot__nautobot-6364,nautobot/core/signals.py,61,74,140,,0,0,
nautobot__nautobot-6364,nautobot/extras/models/groups.py,37,37,30,1,0,0,strong text match (lexical score 178.2)
nautobot__nautobot-6364,nautobot/extras/views.py,9,9,5,,0,0,strong text match (lexical score 246.8)
nautobot__nautobot-6837,nautobot/core/views/utils.py,8,8,103,2,0,0,strong text match (lexical score 81.9)
nautobot__nautobot-6837,nautobot/dcim/views.py,47,52,18,,0,0,graph neighbour of the entry points (PPR 0.006)
nautobot__nautobot-6837,nautobot/extras/models/customfields.py,27,27,64,,0,0,
nautobot__nautobot-6837,nautobot/extras/signals.py,16,13,93,,0,0,strong text match (lexical score 77.7)
netbox-community__netbox-7676,netbox/netbox/authentication.py,1,1,,,1,1,entry point (lexical score 356.7)
networkx__networkx-7721,networkx/algorithms/approximation/traveling_salesman.py,2,2,,,1,1,entry point (lexical score 109.3)
networkx__networkx-7729,networkx/classes/coreviews.py,33,34,5,,0,0,strong text match (lexical score 54.2)
nltk__nltk-3335,nltk/app/wordnet_app.py,1,1,,,1,1,entry point (lexical score 66.4)
numba__numba-9757,numba/core/dispatcher.py,3,3,,,1,0,entry point (lexical score 188.7)
numpy__numpy-10615,numpy/core/function_base.py,30,35,53,,0,0,strong text match (lexical score 44.2)
numpy__numpy-17394,numpy/lib/stride_tricks.py,36,30,46,,0,0,strong text match (lexical score 123.5)
numpy__numpy-27595,numpy/lib/_function_base_impl.py,2,1,,,1,0,entry point (lexical score 67.4)
numpy__numpy-27598,numpy/ctypeslib.py,55,59,78,,0,0,
numpy__numpy-8206,numpy/lib/function_base.py,1,1,,,1,1,entry point (lexical score 92.6)
okta__okta-jwt-verifier-python-59,okta_jwt_verifier/jwt_utils.py,1,1,,,1,1,entry point (lexical score 17.5)
openwisp__openwisp-users-286,openwisp_users/admin.py,1,1,,,1,1,entry point (lexical score 116.0)
oppia__oppia-14784,core/domain/opportunity_services.py,48,53,62,2,0,0,
oppia__oppia-14784,core/domain/suggestion_services.py,14,14,46,1,0,0,strong text match (lexical score 31.1)
oppia__oppia-14784,core/storage/suggestion/gae_models.py,15,20,81,2,0,0,strong text match (lexical score 30.2)
optuna__optuna-5828,optuna/cli.py,1,1,,,1,1,entry point (lexical score 158.2)
pandas-dev__pandas-18330,pandas/core/generic.py,2,2,,,1,0,entry point (lexical score 98.5)
pandas-dev__pandas-18330,pandas/core/reshape/reshape.py,4,6,28,,0,1,strong text match (lexical score 90.4)
pandas-dev__pandas-19074,pandas/core/indexes/multi.py,1,1,,,1,0,entry point (lexical score 2241.5)
pandas-dev__pandas-20796,asv_bench/benchmarks/frame_methods.py,28,36,103,,0,0,
pandas-dev__pandas-20796,pandas/core/base.py,13,21,41,1,0,0,strong text match (lexical score 15.1)
pandas-dev__pandas-20796,pandas/core/frame.py,1,1,,2,1,0,entry point (lexical score 28.1)
pandas-dev__pandas-21401,pandas/core/generic.py,2,2,,,1,0,entry point (lexical score 153.7)
pandas-dev__pandas-21401,pandas/io/sql.py,1,1,,,1,1,entry point (lexical score 227.9)
pandas-dev__pandas-22762,pandas/core/arrays/base.py,13,11,81,,0,0,strong text match (lexical score 76.4)
pandas-dev__pandas-22762,pandas/core/arrays/categorical.py,7,9,18,,0,0,strong text match (lexical score 80.7)
pandas-dev__pandas-22762,pandas/core/arrays/integer.py,29,29,83,,0,0,strong text match (lexical score 66.0)
pandas-dev__pandas-22762,pandas/core/series.py,5,8,2,,0,0,strong text match (lexical score 81.3)
pandas-dev__pandas-29944,pandas/plotting/_core.py,1,1,,,1,0,entry point (lexical score 54.8)
pandas-dev__pandas-29944,pandas/plotting/_matplotlib/core.py,2,2,,,1,1,entry point (lexical score 47.1)
pandas-dev__pandas-35029,pandas/io/excel/_base.py,1,1,,,1,0,entry point (lexical score 52.7)
pandas-dev__pandas-59900,pandas/core/strings/accessor.py,21,6,74,,0,0,strong text match (lexical score 32.1)
pandas-dev__pandas-60187,pandas/core/series.py,2,3,,,1,0,entry point (lexical score 65.3)
pandas-dev__pandas-60247,pandas/core/generic.py,2,6,7,,0,0,strong text match (lexical score 48.7)
pandas-dev__pandas-60277,pandas/core/generic.py,5,5,6,,0,0,strong text match (lexical score 28.2)
pandas-dev__pandas-60310,pandas/core/frame.py,2,2,,2,1,0,entry point (lexical score 95.6)
pandas-dev__pandas-60398,pandas/core/series.py,5,9,11,,0,0,graph neighbour of the entry points (PPR 0.008)
pandas-dev__pandas-60407,pandas/core/arrays/interval.py,12,4,,2,1,0,entry point (lexical score 202.2)
pandas-dev__pandas-60415,pandas/core/generic.py,3,4,,,1,0,entry point (lexical score 30.8)
pandas-dev__pandas-60457,pandas/core/generic.py,3,4,,,1,0,entry point (lexical score 83.1)
pandas-dev__pandas-60461,pandas/core/dtypes/cast.py,,,34,1,0,0,
pandas-dev__pandas-60512,pandas/core/generic.py,4,2,,,1,1,entry point (lexical score 50.3)
pandas-dev__pandas-60518,pandas/core/computation/pytables.py,18,29,8,,0,0,graph neighbour of the entry points (PPR 0.015)
pandas-dev__pandas-60526,pandas/core/computation/expressions.py,39,39,26,,0,0,
pandas-dev__pandas-60543,pandas/core/dtypes/common.py,32,48,4,1,0,0,graph neighbour of the entry points (PPR 0.020)
pandas-dev__pandas-60577,pandas/io/sql.py,1,1,,,1,1,entry point (lexical score 397.6)
paperless-ngx__paperless-ngx-1227,gunicorn.conf.py,4,4,,,0,1,
paperless-ngx__paperless-ngx-1227,src/paperless/settings.py,1,1,,,1,1,entry point (lexical score 136.6)
phidatahq__phidata-1562,phi/model/google/gemini.py,1,1,,,1,1,entry point (lexical score 66.5)
phidatahq__phidata-1563,phi/tools/crawl4ai_tools.py,1,1,,,1,1,entry point (lexical score 122.6)
phidatahq__phidata-1582,phi/tools/function.py,,98,23,1,0,0,strong text match (lexical score 114.2)
phidatahq__phidata-1583,phi/memory/agent.py,30,12,31,,0,1,strong text match (lexical score 213.4)
phidatahq__phidata-1589,phi/document/chunking/recursive.py,2,2,,,1,1,entry point (lexical score 27.1)
plone__plone.restapi-859,src/plone/restapi/deserializer/local_roles.py,1,1,,,1,1,entry point (lexical score 109.2)
pm4-graders__3ES-72,backend/app/core/cv_result.py,10,8,6,,0,0,graph neighbour of the entry points (PPR 0.036)
pm4-graders__3ES-72,cv/DigitRecognizer.py,2,4,,,1,0,entry point (lexical score 1.4)
pm4-graders__3ES-72,cv/app.py,1,1,,,1,0,entry point (lexical score 1.8)
prowler-cloud__prowler-5653,prowler/providers/common/provider.py,17,8,13,1,0,0,strong text match (lexical score 155.2)
prowler-cloud__prowler-5811,prowler/providers/aws/services/wafv2/wafv2_service.py,2,1,,,1,0,entry point (lexical score 160.7)
prowler-cloud__prowler-5814,prowler/providers/kubernetes/services/core/core_seccomp_profile_docker_default/core_seccomp_profile_docker_default.py,1,1,,,1,1,entry point (lexical score 226.5)
prowler-cloud__prowler-5856,prowler/providers/aws/services/ec2/lib/instance.py,,,260,,0,0,
prowler-cloud__prowler-5930,prowler/lib/check/models.py,,62,6,1,0,0,graph neighbour of the entry points (PPR 0.015)
prowler-cloud__prowler-5933,prowler/lib/check/checks_loader.py,5,11,189,,0,0,
prowler-cloud__prowler-5961,prowler/providers/aws/services/rds/rds_service.py,2,1,,,1,0,entry point (lexical score 40.7)
prowler-cloud__prowler-6004,prowler/providers/azure/services/app/app_minimum_tls_version_12/app_minimum_tls_version_12.py,1,1,,,1,1,entry point (lexical score 144.4)
prowler-cloud__prowler-6108,prowler/providers/aws/services/firehose/firehose_stream_encrypted_at_rest/firehose_stream_encrypted_at_rest.py,1,1,,,1,1,entry point (lexical score 42.6)
prowler-cloud__prowler-6119,prowler/providers/aws/services/wafv2/wafv2_service.py,1,1,,,1,1,entry point (lexical score 72.2)
prowler-cloud__prowler-6128,prowler/providers/aws/services/iam/iam_rotate_access_key_90_days/iam_rotate_access_key_90_days.py,3,7,440,,0,1,strong text match (lexical score 62.6)
prowler-cloud__prowler-6157,prowler/providers/aws/services/rds/rds_instance_no_public_access/rds_instance_no_public_access.py,1,2,,,1,0,entry point (lexical score 50.5)
pulp__pulp_rpm-3224,pulp_rpm/app/tasks/publishing.py,5,5,9,,0,1,strong text match (lexical score 42.2)
pulp__pulp_rpm-3224,pulp_rpm/app/tasks/synchronizing.py,1,1,,,1,0,entry point (lexical score 60.6)
py-pdf__pypdf-2644,pypdf/filters.py,10,8,15,1,0,0,graph neighbour of the entry points (PPR 0.014)
py-pdf__pypdf-2656,pypdf/_doc_common.py,1,1,,1,1,0,entry point (lexical score 243.8)
py-pdf__pypdf-2934,pypdf/_cmap.py,3,2,,,1,1,entry point (lexical score 356.7)
py-pdf__pypdf-2964,pypdf/_writer.py,1,1,,,1,1,entry point (lexical score 79.8)
pyca__pyopenssl-578,src/OpenSSL/SSL.py,1,1,,1,1,0,entry point (lexical score 109.0)
pyca__pyopenssl-578,src/OpenSSL/_util.py,6,6,9,1,0,0,graph neighbour of the entry points (PPR 0.020)
pydantic__pydantic-10210,pydantic/_internal/_known_annotated_metadata.py,36,39,21,,0,0,graph neighbour of the entry points (PPR 0.013)
pydantic__pydantic-10374,pydantic/validate_call_decorator.py,60,62,51,,0,1,
pydantic__pydantic-10601,pydantic/networks.py,4,2,,,1,1,entry point (lexical score 62.5)
pydantic__pydantic-10789,pydantic/_internal/_generate_schema.py,6,8,1,,0,0,strong text match (lexical score 220.6)
pydantic__pydantic-8706,pydantic/types.py,1,1,,,1,1,entry point (lexical score 192.3)
pydantic__pydantic-9478,pydantic/_internal/_decorators.py,10,14,4,,0,0,strong text match (lexical score 112.1)
pylint-dev__pylint-10075,pylint/checkers/variables.py,1,1,,,1,0,entry point (lexical score 30.6)
pypa__pip-13085,src/pip/_internal/commands/install.py,1,2,,1,1,0,entry point (lexical score 280.6)
python__cpython-7926,Lib/idlelib/macosx.py,25,17,43,,0,0,strong text match (lexical score 57.3)
python__mypy-18091,mypy/checkpattern.py,65,27,41,,0,1,strong text match (lexical score 286.2)
python__mypy-18102,mypy/subtypes.py,12,12,6,,0,1,strong text match (lexical score 79.8)
python__mypy-18119,mypy/checkpattern.py,92,82,47,,0,0,
python__mypy-18141,mypy/checkpattern.py,15,6,9,,0,1,strong text match (lexical score 25.6)
python__mypy-18160,mypy/checkexpr.py,3,2,,,1,0,entry point (lexical score 74.1)
python__mypy-18163,mypy/checker.py,1,1,,,1,0,entry point (lexical score 41.6)
python__mypy-18164,mypy/subtypes.py,8,9,8,1,0,0,strong text match (lexical score 59.0)
python__mypy-18197,mypy/typeanal.py,2,2,,,1,1,entry point (lexical score 111.5)
python__mypy-18290,mypy/semanal_typeargs.py,7,8,26,,0,0,strong text match (lexical score 45.4)
python__mypy-18292,mypy/main.py,1,1,,,1,1,entry point (lexical score 225.1)
python__mypy-18293,mypy/plugins/default.py,5,2,,,1,1,entry point (lexical score 27.2)
ranaroussi__yfinance-2122,yfinance/utils.py,1,1,,,1,1,entry point (lexical score 241.6)
ranaroussi__yfinance-2139,yfinance/scrapers/history.py,1,1,,,1,0,entry point (lexical score 151.0)
ranaroussi__yfinance-2173,yfinance/base.py,2,2,,,1,0,entry point (lexical score 21.4)
rapidsai__dask-cuda-98,dask_cuda/device_host_file.py,1,2,,,1,1,entry point (lexical score 42.0)
ray-project__ray-26818,dashboard/datacenter.py,,,315,,0,0,
ray-project__ray-26818,dashboard/modules/actor/actor_head.py,,,30,,0,0,
ray-project__ray-26818,dashboard/modules/node/node_head.py,,,42,,0,0,
ray-project__ray-48623,python/ray/autoscaler/v2/scheduler.py,11,12,4,1,0,0,strong text match (lexical score 362.6)
ray-project__ray-48756,python/ray/dashboard/modules/metrics/install_and_start_prometheus.py,1,1,,,1,1,entry point (lexical score 114.1)
ray-project__ray-48782,python/ray/dag/compiled_dag_node.py,2,2,,,1,0,entry point (lexical score 623.7)
ray-project__ray-48786,python/ray/autoscaler/_private/commands.py,1,1,,,1,1,entry point (lexical score 191.2)
ray-project__ray-48790,python/ray/serve/api.py,1,2,,2,1,0,entry point (lexical score 58.7)
ray-project__ray-48793,python/ray/setup-dev.py,1,1,,,1,1,entry point (lexical score 65.3)
ray-project__ray-48891,python/ray/scripts/scripts.py,3,3,,2,1,0,entry point (lexical score 181.0)
ray-project__ray-48907,python/ray/data/grouped_data.py,1,1,,,1,1,entry point (lexical score 258.4)
ray-project__ray-48957,python/ray/experimental/channel/serialization_context.py,56,42,504,,0,0,strong text match (lexical score 225.2)
ray-project__ray-49071,rllib/examples/rl_modules/classes/action_masking_rlm.py,10,2,,,1,1,entry point (lexical score 75.5)
ray-project__ray-49118,python/ray/dag/dag_node_operation.py,26,16,5,1,0,0,strong text match (lexical score 1109.0)
ray-project__ray-49221,python/ray/data/dataset.py,3,1,,1,1,0,entry point (lexical score 105.3)
ray-project__ray-49236,python/ray/dag/compiled_dag_node.py,2,2,,,1,0,entry point (lexical score 145.9)
roboflow__supervision-1698,supervision/detection/core.py,1,1,,1,1,0,entry point (lexical score 61.8)
roboflow__supervision-1739,supervision/detection/utils.py,1,1,,,1,1,entry point (lexical score 60.4)
robotframework__robotframework-5265,src/robot/output/pyloggingconf.py,1,1,,,1,1,entry point (lexical score 222.0)
rq__rq-2138,rq/job.py,2,2,,,1,1,entry point (lexical score 13.3)
rucio__rucio-4930,lib/rucio/web/ui/flask/common/utils.py,1,1,,,1,1,entry point (lexical score 155.3)
rwth-i6__sisyphus-191,sisyphus/aws_batch_engine.py,22,19,19,,0,0,graph neighbour of the entry points (PPR 0.010)
rwth-i6__sisyphus-191,sisyphus/load_sharing_facility_engine.py,28,28,21,,0,0,graph neighbour of the entry points (PPR 0.010)
rwth-i6__sisyphus-191,sisyphus/simple_linux_utility_for_resource_management_engine.py,17,16,16,,0,0,graph neighbour of the entry points (PPR 0.011)
rwth-i6__sisyphus-191,sisyphus/son_of_grid_engine.py,26,24,14,,0,0,graph neighbour of the entry points (PPR 0.013)
sancus-tee__sancus-compiler-36,src/drivers/linker.py,1,1,,,1,1,entry point (lexical score 1.5)
sancus-tee__sancus-compiler-36,src/drivers/sancus/sancus_config.py,4,4,,,1,1,entry point (lexical score 1.2)
scikit-learn__scikit-learn-10280,sklearn/_config.py,,,463,,0,0,
scikit-learn__scikit-learn-10280,sklearn/metrics/__init__.py,12,16,5,,0,1,strong text match (lexical score 29.3)
scikit-learn__scikit-learn-10280,sklearn/metrics/pairwise.py,1,1,,,1,1,entry point (lexical score 38.7)
scikit-learn__scikit-learn-10280,sklearn/neighbors/classification.py,25,24,58,,0,0,strong text match (lexical score 25.3)
scikit-learn__scikit-learn-10280,sklearn/utils/__init__.py,,,14,,0,0,graph neighbour of the entry points (PPR 0.010)
scikit-learn__scikit-learn-10471,sklearn/cluster/k_means_.py,82,71,17,,0,0,graph neighbour of the entry points (PPR 0.006)
scikit-learn__scikit-learn-11179,sklearn/metrics/__init__.py,3,4,,,1,0,entry point (lexical score 92.0)
scikit-learn__scikit-learn-11179,sklearn/metrics/classification.py,1,1,,,1,1,entry point (lexical score 183.0)
scikit-learn__scikit-learn-13290,sklearn/preprocessing/data.py,1,1,,1,1,0,entry point (lexical score 314.2)
scikit-learn__scikit-learn-14012,sklearn/ensemble/_hist_gradient_boosting/gradient_boosting.py,1,1,,,1,1,entry point (lexical score 96.1)
scikit-learn__scikit-learn-14800,sklearn/datasets/_openml.py,1,1,,,1,1,entry point (lexical score 40.6)
scikit-learn__scikit-learn-16948,examples/applications/plot_topics_extraction_with_nmf_lda.py,5,4,,,1,1,entry point (lexical score 177.9)
scikit-learn__scikit-learn-16948,sklearn/decomposition/__init__.py,50,48,18,,0,0,strong text match (lexical score 105.5)
scikit-learn__scikit-learn-16948,sklearn/decomposition/_nmf.py,18,11,2,,0,0,strong text match (lexical score 143.6)
scikit-learn__scikit-learn-16948,sklearn/utils/estimator_checks.py,32,26,30,,0,0,strong text match (lexical score 125.1)
scikit-learn__scikit-learn-17443,examples/calibration/plot_calibration_curve.py,1,2,,,1,1,entry point (lexical score 69.2)
scikit-learn__scikit-learn-17443,examples/calibration/plot_compare_calibration.py,3,3,,,1,0,entry point (lexical score 64.8)
scikit-learn__scikit-learn-17443,sklearn/calibration.py,7,7,1,,0,1,strong text match (lexical score 50.5)
scikit-learn__scikit-learn-17443,sklearn/metrics/_plot/base.py,,,17,,0,0,graph neighbour of the entry points (PPR 0.009)
scikit-learn__scikit-learn-23197,sklearn/utils/setup.py,,,555,,0,0,
scikit-learn__scikit-learn-23197,sklearn/utils/validation.py,3,3,,,1,1,entry point (lexical score 60.2)
scikit-learn__scikit-learn-24076,setup.py,41,60,290,,0,0,strong text match (lexical score 101.7)
scikit-learn__scikit-learn-24076,sklearn/metrics/_pairwise_distances_reduction/__init__.py,94,,101,1,0,0,strong text match (lexical score 87.2)
scikit-learn__scikit-learn-24076,sklearn/metrics/_pairwise_distances_reduction/_dispatcher.py,24,36,12,1,0,0,strong text match (lexical score 112.7)
scikit-learn__scikit-learn-24076,sklearn/neighbors/_base.py,3,3,,,1,1,entry point (lexical score 153.5)
scikit-learn__scikit-learn-24076,sklearn/neighbors/_classification.py,1,2,,,1,1,entry point (lexical score 157.4)
scikit-learn__scikit-learn-24145,sklearn/preprocessing/_polynomial.py,1,1,,,1,1,entry point (lexical score 71.2)
scikit-learn__scikit-learn-25186,sklearn/ensemble/_iforest.py,3,2,,,1,1,entry point (lexical score 96.3)
scikit-learn__scikit-learn-28678,sklearn/metrics/_classification.py,34,32,18,,0,0,strong text match (lexical score 23.6)
scikit-learn__scikit-learn-29130,build_tools/update_environments_and_lock_files.py,1,2,,,1,0,entry point (lexical score 52.4)
scikit-learn__scikit-learn-30128,sklearn/metrics/_regression.py,1,1,,,1,0,entry point (lexical score 126.0)
scikit-learn__scikit-learn-30241,sklearn/utils/estimator_checks.py,1,1,,,1,0,entry point (lexical score 41.3)
scikit-learn__scikit-learn-30327,sklearn/base.py,3,4,,,1,0,entry point (lexical score 58.7)
scikit-learn__scikit-learn-30327,sklearn/utils/_tags.py,5,5,3,,0,1,strong text match (lexical score 57.2)
scikit-learn__scikit-learn-6116,sklearn/ensemble/gradient_boosting.py,1,1,,,1,1,entry point (lexical score 63.0)
scikit-learn__scikit-learn-8478,examples/plot_missing_values.py,69,77,135,,0,0,
scikit-learn__scikit-learn-8478,sklearn/impute.py,8,5,95,,0,0,strong text match (lexical score 15.7)
scikit-learn__scikit-learn-8478,sklearn/utils/estimator_checks.py,58,32,7,,0,0,graph neighbour of the entry points (PPR 0.008)
scipy__scipy-21801,scipy/special/_basic.py,1,2,,,1,1,entry point (lexical score 270.1)
scipy__scipy-21808,scipy/signal/_signaltools.py,2,2,,,1,0,entry point (lexical score 167.9)
scipy__scipy-21912,scipy/integrate/_quadrature.py,4,4,,,1,0,entry point (lexical score 188.0)
scipy__scipy-21918,scipy/optimize/_minpack_py.py,1,1,,1,1,0,entry point (lexical score 482.3)
scipy__scipy-22052,scipy/sparse/linalg/_dsolve/linsolve.py,1,1,,,1,1,entry point (lexical score 231.0)
scipy__scipy-22103,scipy/stats/_stats_py.py,2,2,,,1,1,entry point (lexical score 175.9)
scipy__scipy-22106,scipy/sparse/_construct.py,27,16,188,,0,0,
scipy__scipy-5647,benchmarks/benchmarks/spatial.py,3,3,,,1,1,entry point (lexical score 71.3)
scrapy__scrapy-6542,scrapy/contracts/__init__.py,3,3,,1,1,0,entry point (lexical score 33.1)
secdev__scapy-4586,scapy/contrib/automotive/doip.py,1,1,,,1,1,entry point (lexical score 184.6)
sgkit-dev__sgkit-447,sgkit/distance/api.py,6,8,24,,0,1,strong text match (lexical score 43.6)
sgkit-dev__sgkit-447,sgkit/distance/metrics.py,23,23,19,,0,1,graph neighbour of the entry points (PPR 0.009)
sktime__sktime-7221,sktime/datatypes/_adapter/polars.py,1,1,,,1,1,entry point (lexical score 89.8)
sktime__sktime-7417,sktime/forecasting/base/adapters/_statsmodels.py,22,14,1,,0,1,strong text match (lexical score 37.5)
sopel-irc__sopel-2285,sopel/builtins/url.py,1,1,,,1,1,entry point (lexical score 216.9)
spacetelescope__stcal-337,src/stcal/jump/jump.py,1,2,,,1,1,entry point (lexical score 67.5)
spacetelescope__stcal-337,src/stcal/jump/twopoint_difference.py,2,1,,,1,1,entry point (lexical score 67.7)
speechbrain__speechbrain-2742,recipes/LibriSpeech/ASR/transformer/train_with_whisper.py,1,1,,,1,1,entry point (lexical score 39.1)
speechbrain__speechbrain-2760,speechbrain/lobes/models/huggingface_transformers/weighted_ssl.py,1,1,,,1,1,entry point (lexical score 55.5)
sphinx-doc__sphinx-12206,sphinx/builders/linkcheck.py,1,1,,,1,1,entry point (lexical score 112.6)
spotify__luigi-3308,luigi/lock.py,9,5,,,1,0,entry point (lexical score 26.9)
spotify__luigi-3324,luigi/contrib/postgres.py,1,1,,,1,1,entry point (lexical score 251.7)
sqlfluff__sqlfluff-5805,src/sqlfluff/cli/commands.py,1,1,,,1,1,entry point (lexical score 67.6)
sqlfluff__sqlfluff-6312,src/sqlfluff/cli/commands.py,1,1,,,1,1,entry point (lexical score 77.8)
sqlfluff__sqlfluff-6391,src/sqlfluff/core/helpers/string.py,,,66,,0,0,
sqlfluff__sqlfluff-6399,src/sqlfluff/core/config/loader.py,1,1,,,1,1,entry point (lexical score 46.8)
sqlfluff__sqlfluff-6444,src/sqlfluff/utils/analysis/select.py,33,33,158,,0,0,strong text match (lexical score 63.9)
sqlfluff__sqlfluff-6554,src/sqlfluff/rules/references/RF01.py,1,1,,,1,1,entry point (lexical score 280.3)
stanfordnlp__dspy-1741,dspy/predict/predict.py,2,1,,,1,0,entry point (lexical score 20.0)
streamlit__streamlit-6617,lib/streamlit/runtime/app_session.py,6,5,2,2,0,0,strong text match (lexical score 131.3)
streamlit__streamlit-6617,lib/streamlit/runtime/forward_msg_cache.py,91,,69,,0,0,
streamlit__streamlit-6617,lib/streamlit/runtime/runtime.py,5,8,22,2,0,0,strong text match (lexical score 124.9)
streamlit__streamlit-8741,lib/streamlit/runtime/app_session.py,2,2,,,1,0,entry point (lexical score 73.1)
streamlit__streamlit-9472,lib/streamlit/runtime/state/session_state.py,8,4,,2,1,0,entry point (lexical score 122.8)
streamlit__streamlit-9754,lib/streamlit/web/server/server.py,3,3,1,1,0,0,strong text match (lexical score 136.8)
sympy__sympy-26358,sympy/integrals/heurisch.py,17,13,30,2,0,0,strong text match (lexical score 115.3)
sympy__sympy-27051,sympy/ntheory/generate.py,4,4,,,1,1,entry point (lexical score 392.8)
sympy__sympy-27223,sympy/utilities/lambdify.py,8,5,174,1,0,0,strong text match (lexical score 279.0)
sympy__sympy-27287,sympy/core/sympify.py,1,1,,,1,1,entry point (lexical score 50.9)
sympy__sympy-27288,sympy/physics/wigner.py,1,1,,,1,1,entry point (lexical score 472.9)
sympy__sympy-27301,sympy/plotting/plot.py,6,6,11,1,0,0,strong text match (lexical score 33.5)
sympy__sympy-27325,sympy/core/basic.py,15,13,45,,0,0,strong text match (lexical score 39.8)
tarantool__ansible-cartridge-172,filter_plugins/filter_hosts.py,6,8,,,0,0,
tardis-sn__tardis-2782,benchmarks/opacities_opacity.py,34,64,71,,0,0,
tardis-sn__tardis-2782,benchmarks/transport_montecarlo_packet_trackers.py,1,2,,,1,1,entry point (lexical score 27.9)
tobymao__sqlglot-3167,sqlglot/dialects/snowflake.py,1,1,,,1,1,entry point (lexical score 75.3)
tobymao__sqlglot-3417,sqlglot/parser.py,3,2,,,1,0,entry point (lexical score 74.4)
tobymao__sqlglot-3436,sqlglot/parser.py,1,1,,,1,1,entry point (lexical score 68.1)
tobymao__sqlglot-3901,sqlglot/parser.py,5,5,4,1,0,0,strong text match (lexical score 169.6)
tobymao__sqlglot-4366,sqlglot/dialects/duckdb.py,5,5,8,,0,0,strong text match (lexical score 35.0)
tobymao__sqlglot-4369,sqlglot/expressions.py,2,2,,,1,1,entry point (lexical score 40.3)
tobymao__sqlglot-4390,sqlglot/parser.py,2,2,,1,1,0,entry point (lexical score 21.1)
tobymao__sqlglot-4415,sqlglot/parser.py,5,6,4,2,0,0,strong text match (lexical score 54.1)
tobymao__sqlglot-4434,sqlglot/dialects/snowflake.py,1,1,,,1,1,entry point (lexical score 116.9)
tobymao__sqlglot-4434,sqlglot/expressions.py,2,2,,,1,1,entry point (lexical score 111.2)
tobymao__sqlglot-4434,sqlglot/generator.py,4,4,,,1,0,entry point (lexical score 82.4)
tobymao__sqlglot-4434,sqlglot/parser.py,3,3,,,1,1,entry point (lexical score 98.0)
tobymao__sqlglot-4480,sqlglot/generator.py,3,2,,1,1,0,entry point (lexical score 51.5)
tobymao__sqlglot-4515,sqlglot/optimizer/qualify_columns.py,1,1,,,1,1,entry point (lexical score 78.1)
tobymao__sqlglot-4519,sqlglot/parser.py,7,5,4,1,0,0,strong text match (lexical score 50.7)
tobymao__sqlglot-4523,sqlglot/dialects/tsql.py,1,1,,2,1,0,entry point (lexical score 75.6)
tobymao__sqlglot-4524,sqlglot/optimizer/qualify_columns.py,6,5,23,,0,1,strong text match (lexical score 82.6)
tobymao__sqlglot-4526,sqlglot/planner.py,3,1,,,1,1,entry point (lexical score 85.5)
traceloop__openllmetry-2577,packages/opentelemetry-instrumentation-groq/opentelemetry/instrumentation/groq/utils.py,74,80,,,0,0,
traceloop__openllmetry-2577,packages/opentelemetry-instrumentation-openai/opentelemetry/instrumentation/openai/shared/__init__.py,35,39,3,,0,0,graph neighbour of the entry points (PPR 0.068)
traceloop__openllmetry-2577,packages/opentelemetry-instrumentation-openai/opentelemetry/instrumentation/openai/utils.py,44,43,7,,0,0,graph neighbour of the entry points (PPR 0.014)
twisted__klein-773,src/klein/_resource.py,2,2,,2,1,0,entry point (lexical score 9.7)
ultralytics__ultralytics-17499,ultralytics/engine/results.py,12,11,22,,0,1,strong text match (lexical score 70.9)
ultralytics__ultralytics-17544,ultralytics/utils/callbacks/wb.py,2,2,,,1,1,entry point (lexical score 269.5)
ultralytics__ultralytics-17728,ultralytics/data/augment.py,3,3,,,1,0,entry point (lexical score 59.1)
ultralytics__ultralytics-17810,ultralytics/utils/ops.py,41,37,5,1,0,0,graph neighbour of the entry points (PPR 0.020)
ultralytics__ultralytics-17872,ultralytics/engine/predictor.py,10,8,22,,0,1,strong text match (lexical score 232.0)
ultralytics__ultralytics-18212,ultralytics/engine/model.py,5,4,,2,1,0,entry point (lexical score 409.1)
una-auxme__paf-565,code/perception/src/lidar_distance.py,1,1,,,1,1,entry point (lexical score 27.7)
vitalik__django-ninja-1349,ninja/responses.py,5,6,1,,0,1,strong text match (lexical score 62.0)
vllm-project__vllm-10012,vllm/entrypoints/openai/api_server.py,1,1,,,1,0,entry point (lexical score 158.3)
vllm-project__vllm-10076,vllm/entrypoints/openai/serving_engine.py,22,17,19,,0,0,graph neighbour of the entry points (PPR 0.005)
vllm-project__vllm-10198,vllm/spec_decode/batch_expansion.py,,,337,,0,0,
vllm-project__vllm-10347,vllm/model_executor/models/falcon.py,33,22,83,,0,0,strong text match (lexical score 263.1)
vllm-project__vllm-10398,vllm/entrypoints/openai/tool_parsers/hermes_tool_parser.py,1,1,,,1,1,entry point (lexical score 8472.5)
vllm-project__vllm-10462,vllm/attention/backends/flashinfer.py,1,1,,,1,1,entry point (lexical score 46.0)
vllm-project__vllm-10536,vllm/model_executor/models/qwen2_audio.py,,,167,,0,0,
vllm-project__vllm-10620,vllm/plugins/__init__.py,34,29,168,,0,0,
vllm-project__vllm-10778,vllm/model_executor/models/idefics3.py,,,149,,0,0,
vllm-project__vllm-10809,vllm/engine/metrics.py,1,1,,,1,1,entry point (lexical score 64.2)
vllm-project__vllm-10903,vllm/v1/worker/gpu_model_runner.py,78,74,115,,0,0,
vllm-project__vllm-11073,vllm/entrypoints/openai/serving_completion.py,36,23,8,,0,0,graph neighbour of the entry points (PPR 0.008)
vllm-project__vllm-11138,vllm/executor/ray_utils.py,1,1,,,1,1,entry point (lexical score 95.2)
vllm-project__vllm-11275,vllm/executor/ray_gpu_executor.py,25,25,46,1,0,0,
vllm-project__vllm-5473,vllm/config.py,7,7,10,,0,0,graph neighbour of the entry points (PPR 0.012)
vllm-project__vllm-5473,vllm/distributed/device_communicators/custom_all_reduce.py,3,4,71,,0,0,
vllm-project__vllm-5473,vllm/distributed/device_communicators/custom_all_reduce_utils.py,19,18,161,,0,0,
vllm-project__vllm-5473,vllm/executor/multiproc_gpu_executor.py,58,65,93,,0,0,
vllm-project__vllm-5473,vllm/utils.py,4,2,17,,0,1,graph neighbour of the entry points (PPR 0.007)
vllm-project__vllm-6050,vllm/config.py,2,2,,,1,0,entry point (lexical score 62.9)
vllm-project__vllm-6050,vllm/spec_decode/spec_decode_worker.py,1,1,,,1,0,entry point (lexical score 84.7)
vllm-project__vllm-7209,vllm/core/evictor.py,,,448,,0,0,
vllm-project__vllm-7783,vllm/model_executor/models/phi3v.py,1,1,,,1,1,entry point (lexical score 47.6)
vllm-project__vllm-7874,vllm/core/scheduler.py,9,8,106,1,0,0,strong text match (lexical score 683.0)
vllm-project__vllm-9338,benchmarks/benchmark_serving.py,12,10,129,,0,0,strong text match (lexical score 38.3)
vllm-project__vllm-9390,benchmarks/benchmark_serving.py,1,1,,,1,0,entry point (lexical score 136.5)
vllm-project__vllm-9617,vllm/engine/llm_engine.py,,,98,,0,0,
vllm-project__vllm-9846,examples/offline_inference_vision_language.py,,,209,,0,0,
vllm-project__vllm-9974,vllm/platforms/openvino.py,6,3,,,1,1,entry point (lexical score 73.0)
wandb__wandb-8931,wandb/sdk/data_types/video.py,1,1,,,1,1,entry point (lexical score 74.6)
wandb__wandb-9011,wandb/apis/public/runs.py,1,1,,,1,1,entry point (lexical score 48.8)
webcompat__webcompat.com-2731,webcompat/api/endpoints.py,2,3,,,1,0,entry point (lexical score 96.7)
webcompat__webcompat.com-2731,webcompat/helpers.py,1,1,,,1,1,entry point (lexical score 120.0)
xCDAT__xcdat-689,xcdat/temporal.py,1,1,,,1,1,entry point (lexical score 101.5)
yt-dlp__yt-dlp-11438,yt_dlp/aes.py,,94,33,1,0,0,
yt-dlp__yt-dlp-11466,yt_dlp/extractor/goplay.py,65,7,486,,0,0,
yt-dlp__yt-dlp-11472,yt_dlp/extractor/adobepass.py,50,24,100,,0,0,
yt-dlp__yt-dlp-11478,yt_dlp/extractor/cloudflarestream.py,,54,819,,0,0,
yt-dlp__yt-dlp-11513,yt_dlp/extractor/facebook.py,,,45,,0,0,
yt-dlp__yt-dlp-11527,yt_dlp/extractor/archiveorg.py,12,3,,,1,1,entry point (lexical score 277.9)
yt-dlp__yt-dlp-11530,yt_dlp/extractor/patreon.py,25,14,92,,0,0,
yt-dlp__yt-dlp-11534,yt_dlp/extractor/ctvnews.py,,55,903,,0,0,
yt-dlp__yt-dlp-11542,yt_dlp/extractor/spankbang.py,,83,475,,0,0,
yt-dlp__yt-dlp-11555,yt_dlp/extractor/chaturbate.py,60,22,536,,0,0,
yt-dlp__yt-dlp-11596,yt_dlp/extractor/stripchat.py,,30,528,,0,0,
yt-dlp__yt-dlp-11615,yt_dlp/extractor/youtube.py,2,2,,,1,1,entry point (lexical score 387.5)
yt-dlp__yt-dlp-11624,yt_dlp/extractor/chaturbate.py,97,35,533,,0,0,
yt-dlp__yt-dlp-11636,yt_dlp/extractor/dropbox.py,81,19,545,,0,0,
yt-dlp__yt-dlp-11644,yt_dlp/extractor/dacast.py,95,25,312,,0,0,
yt-dlp__yt-dlp-11645,yt_dlp/extractor/tiktok.py,13,8,84,,0,0,
yt-dlp__yt-dlp-11667,yt_dlp/extractor/bilibili.py,51,10,68,,0,1,
yt-dlp__yt-dlp-11683,yt_dlp/extractor/mitele.py,92,20,490,,0,0,
yt-dlp__yt-dlp-11711,yt_dlp/extractor/bilibili.py,56,9,70,,0,0,
yt-dlp__yt-dlp-11734,yt_dlp/extractor/bilibili.py,2,1,,,1,1,entry point (lexical score 234.9)
yt-dlp__yt-dlp-11750,yt_dlp/extractor/youtube.py,2,2,,,1,1,entry point (lexical score 286.8)
yt-dlp__yt-dlp-11751,yt_dlp/extractor/youtube.py,6,6,49,,0,0,strong text match (lexical score 679.6)
yt-dlp__yt-dlp-11782,yt_dlp/extractor/youtube.py,3,2,,,1,1,entry point (lexical score 290.3)
yt-dlp__yt-dlp-11818,yt_dlp/extractor/youtube.py,3,4,,,1,0,entry point (lexical score 257.6)
yt-dlp__yt-dlp-11819,yt_dlp/update.py,2,1,,,1,1,entry point (lexical score 427.8)
yt-dlp__yt-dlp-11821,yt_dlp/extractor/youtube.py,7,5,53,,0,0,
yt-dlp__yt-dlp-11827,yt_dlp/update.py,2,2,,,1,1,entry point (lexical score 1762.2)
zarr-developers__zarr-python-738,zarr/core.py,3,3,,,1,1,entry point (lexical score 20.2)
zarr-developers__zarr-python-738,zarr/creation.py,4,4,,,1,0,entry point (lexical score 17.0)
zarr-developers__zarr-python-738,zarr/storage.py,1,2,,,1,1,entry point (lexical score 21.4)
zarr-developers__zarr-python-738,zarr/util.py,6,5,1,,0,1,strong text match (lexical score 15.8)
zulip__zulip-14091,zerver/lib/rate_limiter.py,1,2,,,1,1,entry point (lexical score 227.4)
zulip__zulip-31168,zerver/lib/users.py,89,67,18,2,0,0,graph neighbour of the entry points (PPR 0.007)
zulip__zulip-31168,zerver/views/streams.py,,62,55,1,0,0,
