Group,Component list,Instances,Files,Gold hits,Precision % [95% CI],Displaced BM25 ranks precision %,Lift vs displaced,Lift vs random,Mean recall %
all,PPR v0.2 top 5,560,2759,58,"2.1 [1.5, 2.8]","1.0 [0.6, 1.4]","2.13 [1.38, 3.41]","4.33 [3.26, 5.97]",5.7
all,PPR v0.2 top 10,560,5477,97,"1.8 [1.4, 2.2]","0.9 [0.7, 1.2]","1.92 [1.42, 2.68]","3.99 [3.09, 5.36]",10.4
all,PPR v0.2 top 25,560,13338,156,"1.2 [1.0, 1.4]","0.8 [0.6, 1.0]","1.49 [1.23, 1.83]","3.22 [2.68, 4.02]",17.3
all,"PPR v0.2 top 25, new vs BM25 top 10",560,11525,79,"0.7 [0.5, 0.9]","0.8 [0.6, 1.0]","0.85 [0.69, 1.04]","2.21 [1.72, 2.89]",8.7
all,v0.1 walk + extras (ctx-cat),560,31418,203,"0.6 [0.5, 0.8]","0.5 [0.4, 0.6]","1.40 [1.13, 1.76]","3.83 [3.25, 4.56]",26.0
all,bm25-graph walk,560,58454,169,"0.3 [0.2, 0.4]","0.7 [0.6, 0.8]","0.42 [0.35, 0.50]","2.32 [2.04, 2.63]",20.6
1 gold,PPR v0.2 top 5,468,2322,20,"0.9 [0.5, 1.2]","0.6 [0.3, 0.9]","1.53 [0.80, 3.15]","8.19 [5.13, 11.79]",4.3
1 gold,PPR v0.2 top 10,468,4626,40,"0.9 [0.6, 1.1]","0.4 [0.3, 0.6]","1.99 [1.28, 3.29]","8.19 [5.98, 10.84]",8.5
1 gold,PPR v0.2 top 25,468,11387,69,"0.6 [0.5, 0.7]","0.4 [0.3, 0.6]","1.37 [1.04, 1.85]","5.70 [4.60, 7.05]",14.7
1 gold,"PPR v0.2 top 25, new vs BM25 top 10",468,9895,36,"0.4 [0.3, 0.5]","0.5 [0.3, 0.6]","0.80 [0.58, 1.08]","3.51 [2.47, 4.80]",7.7
1 gold,v0.1 walk + extras (ctx-cat),468,28170,115,"0.4 [0.3, 0.5]","0.2 [0.2, 0.3]","1.66 [1.24, 2.29]","4.44 [3.56, 5.62]",24.6
1 gold,bm25-graph walk,468,52783,88,"0.2 [0.1, 0.2]","0.4 [0.3, 0.5]","0.41 [0.33, 0.50]","2.37 [2.03, 2.78]",18.8
2+ gold,PPR v0.2 top 5,92,437,38,"8.7 [5.8, 11.9]","3.3 [1.7, 5.1]","2.63 [1.50, 5.19]","3.46 [2.51, 4.93]",13.1
2+ gold,PPR v0.2 top 10,92,851,57,"6.7 [4.8, 8.7]","3.6 [2.3, 5.0]","1.86 [1.25, 2.91]","2.94 [2.17, 4.11]",20.0
2+ gold,PPR v0.2 top 25,92,1951,87,"4.5 [3.5, 5.5]","2.8 [2.0, 3.7]","1.56 [1.22, 2.11]","2.39 [1.94, 3.09]",30.6
2+ gold,"PPR v0.2 top 25, new vs BM25 top 10",92,1630,43,"2.6 [1.8, 3.5]","2.9 [2.1, 3.9]","0.90 [0.67, 1.15]","1.69 [1.21, 2.36]",14.0
2+ gold,v0.1 walk + extras (ctx-cat),92,3248,88,"2.7 [2.1, 3.6]","2.0 [1.5, 2.6]","1.33 [1.00, 1.85]","3.24 [2.53, 4.21]",33.1
2+ gold,bm25-graph walk,92,5671,81,"1.4 [0.9, 2.1]","2.7 [2.2, 3.3]","0.53 [0.37, 0.74]","2.26 [1.84, 2.79]",29.9
Bug Report,PPR v0.2 top 5,242,1200,10,"0.8 [0.3, 1.4]","0.8 [0.3, 1.3]","1.11 [0.44, 2.86]","7.95 [3.82, 13.01]",4.1
Bug Report,PPR v0.2 top 10,242,2398,21,"0.9 [0.5, 1.3]","0.5 [0.2, 0.7]","1.90 [1.00, 4.00]","8.34 [5.34, 12.21]",8.7
Bug Report,PPR v0.2 top 25,242,5932,38,"0.6 [0.5, 0.8]","0.5 [0.3, 0.7]","1.31 [0.91, 1.94]","6.15 [4.50, 8.41]",15.7
Bug Report,"PPR v0.2 top 25, new vs BM25 top 10",242,5184,21,"0.4 [0.2, 0.6]","0.5 [0.3, 0.7]","0.81 [0.54, 1.17]","4.03 [2.46, 6.24]",8.7
Bug Report,v0.1 walk + extras (ctx-cat),242,17301,59,"0.3 [0.3, 0.4]","0.2 [0.2, 0.3]","1.36 [0.95, 2.07]","4.30 [3.20, 5.97]",24.4
Bug Report,bm25-graph walk,242,19161,42,"0.2 [0.2, 0.3]","0.5 [0.4, 0.6]","0.46 [0.36, 0.57]","2.73 [2.10, 3.51]",17.4
Feature Request,PPR v0.2 top 5,150,750,16,"2.1 [1.2, 3.2]","0.9 [0.3, 1.6]","2.29 [1.19, 6.33]","15.35 [9.17, 22.81]",6.5
Feature Request,PPR v0.2 top 10,150,1500,27,"1.8 [1.2, 2.5]","1.0 [0.5, 1.6]","1.80 [1.17, 3.29]","12.95 [9.03, 18.17]",11.7
Feature Request,PPR v0.2 top 25,150,3742,39,"1.0 [0.7, 1.4]","0.6 [0.3, 0.9]","1.77 [1.22, 2.91]","7.48 [5.70, 9.86]",16.8
Feature Request,"PPR v0.2 top 25, new vs BM25 top 10",150,3272,19,"0.6 [0.3, 0.9]","0.6 [0.3, 1.0]","0.90 [0.55, 1.47]","4.16 [2.29, 6.57]",7.8
Feature Request,v0.1 walk + extras (ctx-cat),150,4212,43,"1.0 [0.7, 1.3]","0.5 [0.3, 0.8]","2.05 [1.30, 3.71]","7.64 [5.41, 11.07]",20.6
Feature Request,bm25-graph walk,150,29498,54,"0.2 [0.1, 0.3]","0.5 [0.4, 0.7]","0.37 [0.26, 0.53]","2.63 [2.14, 3.29]",25.2
Performance Issue,PPR v0.2 top 5,139,674,24,"3.6 [1.9, 5.5]","1.6 [0.7, 2.7]","2.16 [1.06, 4.98]","2.83 [1.83, 4.13]",6.2
Performance Issue,PPR v0.2 top 10,139,1332,41,"3.1 [1.9, 4.4]","1.8 [1.1, 2.7]","1.69 [1.04, 2.83]","2.58 [1.78, 3.76]",11.7
Performance Issue,PPR v0.2 top 25,139,3104,67,"2.2 [1.6, 2.8]","1.6 [1.1, 2.2]","1.34 [1.00, 1.85]","2.16 [1.75, 2.81]",20.5
Performance Issue,"PPR v0.2 top 25, new vs BM25 top 10",139,2608,36,"1.4 [0.9, 2.0]","1.6 [1.1, 2.3]","0.84 [0.62, 1.11]","1.60 [1.12, 2.21]",10.6
Performance Issue,v0.1 walk + extras (ctx-cat),139,8628,86,"1.0 [0.7, 1.4]","0.9 [0.6, 1.2]","1.11 [0.77, 1.64]","2.93 [2.30, 3.77]",33.0
Performance Issue,bm25-graph walk,139,8869,67,"0.8 [0.5, 1.1]","1.4 [1.1, 1.8]","0.53 [0.39, 0.71]","2.02 [1.68, 2.48]",23.8
Security Vulnerability,PPR v0.2 top 5,29,135,8,"5.9 [1.5, 11.2]","0.0 [0.0, 0.0]",–,"3.06 [1.55, 10.98]",12.3
Security Vulnerability,PPR v0.2 top 10,29,247,8,"3.2 [0.8, 6.2]","0.0 [0.0, 0.0]",–,"2.12 [1.23, 5.59]",12.3
Security Vulnerability,PPR v0.2 top 25,29,560,12,"2.1 [0.7, 4.1]","0.8 [0.0, 1.7]","2.86 [1.54, 8.92]","1.95 [1.47, 3.89]",18.9
Security Vulnerability,"PPR v0.2 top 25, new vs BM25 top 10",29,461,3,"0.7 [0.0, 1.7]","0.7 [0.0, 1.4]","1.00 [0.00, 2.00]","0.88 [0.00, 2.38]",4.8
Security Vulnerability,v0.1 walk + extras (ctx-cat),29,1277,15,"1.2 [0.6, 2.3]","0.2 [0.0, 0.6]","5.34 [1.76, 15.19]","3.43 [2.16, 6.75]",33.0
Security Vulnerability,bm25-graph walk,29,926,6,"0.6 [0.1, 1.6]","1.1 [0.5, 2.1]","0.58 [0.20, 1.01]","1.54 [0.57, 3.23]",8.7
