Relation,Instances,Gold pairs %,Random pairs %,Lift [95% CI],Missed gold connected
import_edge,42,49.1,8.6,"5.69 [3.68, 9.64]",41 / 73
same_dir,42,34.0,7.1,"4.80 [2.88, 8.48]",29 / 73
same_pkg,42,45.3,23.1,"1.96 [1.43, 2.82]",37 / 73
name_ref,42,27.4,21.7,"1.26 [0.81, 1.84]",25 / 73
call_ref,42,56.6,18.8,"3.02 [2.28, 4.23]",47 / 73
shared_test,42,16.0,4.2,"3.86 [1.76, 9.82]",14 / 73
dist<=2,42,85.8,42.6,"2.01 [1.69, 2.46]",66 / 73
co_change>=1,42,79.2,43.8,"1.81 [1.47, 2.36]",62 / 73
co_change>=2,42,60.4,27.1,"2.23 [1.74, 2.95]",49 / 73
