instance_id,gold,k,direction,rank_bm25,rank_search_v02,name_share,doc_share,body_share
huggingface__transformers-22496,src/transformers/models/whisper/processing_whisper.py,5,v0.2 better,6,5,0.34,0.05,0.61
sympy__sympy-27223,sympy/utilities/lambdify.py,5,v0.2 better,8,5,0.08,0.04,0.88
streamlit__streamlit-6617,lib/streamlit/runtime/app_session.py,5,v0.2 better,6,5,0.09,0.07,0.84
streamlit__streamlit-6617,lib/streamlit/runtime/runtime.py,5,v0.2 worse,5,8,0.07,0.00,0.93
JoinMarket-Org__joinmarket-clientserver-1180,jmclient/jmclient/blockchaininterface.py,5,v0.2 better,6,2,0.09,0.12,0.79
AzureAD__microsoft-authentication-library-for-python-454,msal/oauth2cli/oauth2.py,10,v0.2 better,16,10,0.15,0.00,0.85
django__django-18435,django/core/management/commands/runserver.py,10,v0.2 better,13,7,0.38,0.00,0.62
kiasambrook__tfl-live-tracker-7,app/ui/main_window.py,5,v0.2 worse,3,6,0.11,0.10,0.79
intelowlproject__GreedyBear-397,greedybear/settings.py,10,v0.2 worse,10,13,0.00,0.00,1.00
hyeneung__tech-blog-hub-site-49,serverless/apis/recommend/lambda_function.py,5,v0.2 better,6,5,0.03,0.01,0.96
vllm-project__vllm-9338,benchmarks/benchmark_serving.py,10,v0.2 better,12,10,0.22,0.07,0.71
NCSU-High-Powered-Rocketry-Club__AirbrakesV2-151,airbrakes/telemetry/packets/logger_data_packet.py,10,v0.2 worse,10,13,0.23,0.16,0.61
scikit-learn__scikit-learn-8478,sklearn/impute.py,5,v0.2 better,8,5,0.11,0.09,0.80
dask__dask-8040,dask/local.py,5,v0.2 better,7,4,0.12,0.14,0.73
pandas-dev__pandas-22762,pandas/core/series.py,5,v0.2 worse,5,8,0.03,0.01,0.96
pandas-dev__pandas-18330,pandas/core/reshape/reshape.py,5,v0.2 worse,4,6,0.17,0.01,0.82
freedomofpress__securedrop-client-944,securedrop_client/storage.py,5,v0.2 better,6,4,0.10,0.18,0.72
zarr-developers__zarr-python-738,zarr/util.py,5,v0.2 better,6,5,0.04,0.16,0.80
cisagov__manage.get.gov-1669,src/registrar/utility/csv_export.py,10,v0.2 better,13,10,0.33,0.08,0.59
NVIDIA__NeMo-9100,nemo/collections/asr/parts/submodules/ctc_decoding.py,5,v0.2 better,8,4,0.09,0.08,0.82
NVIDIA__NeMo-9100,nemo/collections/asr/parts/submodules/ctc_greedy_decoding.py,10,v0.2 better,12,8,0.21,0.07,0.72
streamlit__streamlit-9472,lib/streamlit/runtime/state/session_state.py,5,v0.2 better,8,4,0.13,0.04,0.83
PrefectHQ__prefect-16145,src/prefect/task_engine.py,5,v0.2 worse,4,8,0.10,0.04,0.86
PrefectHQ__prefect-13367,src/prefect/cli/deployment.py,5,v0.2 better,8,4,0.34,0.03,0.62
dask__dask-11393,dask/dataframe/utils.py,5,v0.2 better,6,5,0.06,0.02,0.92
DS4SD__docling-314,docling/backend/msword_backend.py,5,v0.2 worse,5,6,0.04,0.00,0.96
getmoto__moto-8342,moto/iotdata/models.py,5,v0.2 better,19,3,0.16,0.04,0.80
getmoto__moto-8342,moto/iotdata/models.py,10,v0.2 better,19,3,0.16,0.04,0.80
spotify__luigi-3308,luigi/lock.py,5,v0.2 better,9,5,0.25,0.07,0.67
bridgecrewio__checkov-6909,checkov/serverless/graph_builder/local_graph.py,10,v0.2 better,28,10,0.27,0.10,0.63
pydantic__pydantic-9478,pydantic/_internal/_decorators.py,10,v0.2 worse,10,14,0.09,0.05,0.85
python__mypy-18141,mypy/checkpattern.py,10,v0.2 better,15,6,0.05,0.01,0.94
pandas-dev__pandas-60407,pandas/core/arrays/interval.py,5,v0.2 better,12,4,0.15,0.01,0.84
pandas-dev__pandas-60407,pandas/core/arrays/interval.py,10,v0.2 better,12,4,0.15,0.01,0.84
pandas-dev__pandas-59900,pandas/core/strings/accessor.py,10,v0.2 better,21,6,0.16,0.05,0.80
django__django-18796,django/contrib/admin/sites.py,5,v0.2 worse,4,6,0.08,0.05,0.87
tobymao__sqlglot-4524,sqlglot/optimizer/qualify_columns.py,5,v0.2 better,6,5,0.17,0.05,0.78
tobymao__sqlglot-4519,sqlglot/parser.py,5,v0.2 better,7,5,0.05,0.03,0.92
tobymao__sqlglot-4415,sqlglot/parser.py,5,v0.2 worse,5,6,0.01,0.00,0.99
prowler-cloud__prowler-6128,prowler/providers/aws/services/iam/iam_rotate_access_key_90_days/iam_rotate_access_key_90_days.py,5,v0.2 worse,3,7,0.35,0.09,0.56
prowler-cloud__prowler-5933,prowler/lib/check/checks_loader.py,5,v0.2 worse,5,11,0.00,0.02,0.98
prowler-cloud__prowler-5933,prowler/lib/check/checks_loader.py,10,v0.2 worse,5,11,0.00,0.02,0.98
modin-project__modin-7052,modin/pandas/base.py,5,v0.2 better,6,5,0.16,0.00,0.84
modin-project__modin-6995,modin/pandas/series.py,10,v0.2 better,17,7,0.04,0.06,0.90
huggingface__transformers-34066,src/transformers/pipelines/text_classification.py,5,v0.2 worse,5,6,0.11,0.06,0.83
huggingface__diffusers-10189,src/diffusers/pipelines/pipeline_utils.py,5,v0.2 better,11,3,0.07,0.01,0.92
huggingface__diffusers-10189,src/diffusers/pipelines/pipeline_utils.py,10,v0.2 better,11,3,0.07,0.01,0.92
prowler-cloud__prowler-5653,prowler/providers/common/provider.py,10,v0.2 better,17,8,0.08,0.00,0.92
vllm-project__vllm-9974,vllm/platforms/openvino.py,5,v0.2 better,6,3,0.28,0.15,0.57
yt-dlp__yt-dlp-11821,yt_dlp/extractor/youtube.py,5,v0.2 better,7,5,0.06,0.04,0.90
yt-dlp__yt-dlp-11711,yt_dlp/extractor/bilibili.py,10,v0.2 better,56,9,0.12,0.09,0.78
yt-dlp__yt-dlp-11667,yt_dlp/extractor/bilibili.py,10,v0.2 better,51,10,0.14,0.12,0.74
yt-dlp__yt-dlp-11645,yt_dlp/extractor/tiktok.py,10,v0.2 better,13,8,0.05,0.02,0.93
yt-dlp__yt-dlp-11527,yt_dlp/extractor/archiveorg.py,5,v0.2 better,12,3,0.11,0.03,0.86
yt-dlp__yt-dlp-11527,yt_dlp/extractor/archiveorg.py,10,v0.2 better,12,3,0.11,0.03,0.86
yt-dlp__yt-dlp-11466,yt_dlp/extractor/goplay.py,10,v0.2 better,65,7,0.20,0.06,0.74
vitalik__django-ninja-1349,ninja/responses.py,5,v0.2 worse,5,6,0.22,0.07,0.71
pandas-dev__pandas-60398,pandas/core/series.py,5,v0.2 worse,5,9,0.02,0.00,0.98
pandas-dev__pandas-60247,pandas/core/generic.py,5,v0.2 worse,2,6,0.02,0.01,0.97
jax-ml__jax-24733,jax/_src/numpy/reductions.py,5,v0.2 better,7,4,0.09,0.05,0.87
Netflix__metaflow-2141,metaflow/cli.py,10,v0.2 worse,10,13,0.06,0.04,0.90
ray-project__ray-49071,rllib/examples/rl_modules/classes/action_masking_rlm.py,5,v0.2 better,10,2,0.23,0.16,0.61
flet-dev__flet-4314,sdk/python/packages/flet/src/flet/core/segmented_button.py,5,v0.2 better,8,4,0.20,0.09,0.71
Lightning-AI__pytorch-lightning-20420,examples/fabric/build_your_own_trainer/run.py,10,v0.2 better,12,7,0.26,0.01,0.73
modin-project__modin-7400,modin/pandas/dataframe.py,5,v0.2 better,6,5,0.01,0.00,0.98
ccxt__ccxt-24388,python/ccxt/base/exchange.py,10,v0.2 worse,7,11,0.02,0.01,0.97
